SK_Date,Date,Day,DayName,DayOfWeek,Month,MonthName,Year,IsWeekend
20160101,2016-01-01,1,Friday,6,1,January,2016,false
20160102,2016-01-02,2,Saturday,7,1,January,2016,true
20160103,2016-01-03,3,Sunday,1,1,January,2016,true
20160104,2016-01-04,4,Monday,2,1,January,2016,false
20160105,2016-01-05,5,Tuesday,3,1,January,2016,false
20160106,2016-01-06,6,Wednesday,4,1,January,2016,false
20160107,2016-01-07,7,Thursday,5,1,January,2016,false
20160108,2016-01-08,8,Friday,6,1,January,2016,false
20160109,2016-01-09,9,Saturday,7,1,January,2016,true
20160110,2016-01-10,10,Sunday,1,1,January,2016,true
20160111,2016-01-11,11,Monday,2,1,January,2016,false
20160112,2016-01-12,12,Tuesday,3,1,January,2016,false
20160113,2016-01-13,13,Wednesday,4,1,January,2016,false
20160114,2016-01-14,14,Thursday,5,1,January,2016,false
20160115,2016-01-15,15,Friday,6,1,January,2016,false
20160116,2016-01-16,16,Saturday,7,1,January,2016,true
20160117,2016-01-17,17,Sunday,1,1,January,2016,true
20160118,2016-01-18,18,Monday,2,1,January,2016,false
20160119,2016-01-19,19,Tuesday,3,1,January,2016,false
20160120,2016-01-20,20,Wednesday,4,1,January,2016,false
20160121,2016-01-21,21,Thursday,5,1,January,2016,false
20160122,2016-01-22,22,Friday,6,1,January,2016,false
20160123,2016-01-23,23,Saturday,7,1,January,2016,true
20160124,2016-01-24,24,Sunday,1,1,January,2016,true
20160125,2016-01-25,25,Monday,2,1,January,2016,false
20160126,2016-01-26,26,Tuesday,3,1,January,2016,false
20160127,2016-01-27,27,Wednesday,4,1,January,2016,false
20160128,2016-01-28,28,Thursday,5,1,January,2016,false
20160129,2016-01-29,29,Friday,6,1,January,2016,false
20160130,2016-01-30,30,Saturday,7,1,January,2016,true
20160131,2016-01-31,31,Sunday,1,1,January,2016,true
20160201,2016-02-01,1,Monday,2,2,February,2016,false
20160202,2016-02-02,2,Tuesday,3,2,February,2016,false
20160203,2016-02-03,3,Wednesday,4,2,February,2016,false
20160204,2016-02-04,4,Thursday,5,2,February,2016,false
20160205,2016-02-05,5,Friday,6,2,February,2016,false
20160206,2016-02-06,6,Saturday,7,2,February,2016,true
20160207,2016-02-07,7,Sunday,1,2,February,2016,true
20160208,2016-02-08,8,Monday,2,2,February,2016,false
20160209,2016-02-09,9,Tuesday,3,2,February,2016,false
20160210,2016-02-10,10,Wednesday,4,2,February,2016,false
20160211,2016-02-11,11,Thursday,5,2,February,2016,false
20160212,2016-02-12,12,Friday,6,2,February,2016,false
20160213,2016-02-13,13,Saturday,7,2,February,2016,true
20160214,2016-02-14,14,Sunday,1,2,February,2016,true
20160215,2016-02-15,15,Monday,2,2,February,2016,false
20160216,2016-02-16,16,Tuesday,3,2,February,2016,false
20160217,2016-02-17,17,Wednesday,4,2,February,2016,false
20160218,2016-02-18,18,Thursday,5,2,February,2016,false
20160219,2016-02-19,19,Friday,6,2,February,2016,false
20160220,2016-02-20,20,Saturday,7,2,February,2016,true
20160221,2016-02-21,21,Sunday,1,2,February,2016,true
20160222,2016-02-22,22,Monday,2,2,February,2016,false
20160223,2016-02-23,23,Tuesday,3,2,February,2016,false
20160224,2016-02-24,24,Wednesday,4,2,February,2016,false
20160225,2016-02-25,25,Thursday,5,2,February,2016,false
20160226,2016-02-26,26,Friday,6,2,February,2016,false
20160227,2016-02-27,27,Saturday,7,2,February,2016,true
20160228,2016-02-28,28,Sunday,1,2,February,2016,true
20160229,2016-02-29,29,Monday,2,2,February,2016,false
20160301,2016-03-01,1,Tuesday,3,3,March,2016,false
20160302,2016-03-02,2,Wednesday,4,3,March,2016,false
20160303,2016-03-03,3,Thursday,5,3,March,2016,false
20160304,2016-03-04,4,Friday,6,3,March,2016,false
20160305,2016-03-05,5,Saturday,7,3,March,2016,true
20160306,2016-03-06,6,Sunday,1,3,March,2016,true
20160307,2016-03-07,7,Monday,2,3,March,2016,false
20160308,2016-03-08,8,Tuesday,3,3,March,2016,false
20160309,2016-03-09,9,Wednesday,4,3,March,2016,false
20160310,2016-03-10,10,Thursday,5,3,March,2016,false
20160311,2016-03-11,11,Friday,6,3,March,2016,false
20160312,2016-03-12,12,Saturday,7,3,March,2016,true
20160313,2016-03-13,13,Sunday,1,3,March,2016,true
20160314,2016-03-14,14,Monday,2,3,March,2016,false
20160315,2016-03-15,15,Tuesday,3,3,March,2016,false
20160316,2016-03-16,16,Wednesday,4,3,March,2016,false
20160317,2016-03-17,17,Thursday,5,3,March,2016,false
20160318,2016-03-18,18,Friday,6,3,March,2016,false
20160319,2016-03-19,19,Saturday,7,3,March,2016,true
20160320,2016-03-20,20,Sunday,1,3,March,2016,true
20160321,2016-03-21,21,Monday,2,3,March,2016,false
20160322,2016-03-22,22,Tuesday,3,3,March,2016,false
20160323,2016-03-23,23,Wednesday,4,3,March,2016,false
20160324,2016-03-24,24,Thursday,5,3,March,2016,false
20160325,2016-03-25,25,Friday,6,3,March,2016,false
20160326,2016-03-26,26,Saturday,7,3,March,2016,true
20160327,2016-03-27,27,Sunday,1,3,March,2016,true
20160328,2016-03-28,28,Monday,2,3,March,2016,false
20160329,2016-03-29,29,Tuesday,3,3,March,2016,false
20160330,2016-03-30,30,Wednesday,4,3,March,2016,false
20160331,2016-03-31,31,Thursday,5,3,March,2016,false
20160401,2016-04-01,1,Friday,6,4,April,2016,false
20160402,2016-04-02,2,Saturday,7,4,April,2016,true
20160403,2016-04-03,3,Sunday,1,4,April,2016,true
20160404,2016-04-04,4,Monday,2,4,April,2016,false
20160405,2016-04-05,5,Tuesday,3,4,April,2016,false
20160406,2016-04-06,6,Wednesday,4,4,April,2016,false
20160407,2016-04-07,7,Thursday,5,4,April,2016,false
20160408,2016-04-08,8,Friday,6,4,April,2016,false
20160409,2016-04-09,9,Saturday,7,4,April,2016,true
20160410,2016-04-10,10,Sunday,1,4,April,2016,true
20160411,2016-04-11,11,Monday,2,4,April,2016,false
20160412,2016-04-12,12,Tuesday,3,4,April,2016,false
20160413,2016-04-13,13,Wednesday,4,4,April,2016,false
20160414,2016-04-14,14,Thursday,5,4,April,2016,false
20160415,2016-04-15,15,Friday,6,4,April,2016,false
20160416,2016-04-16,16,Saturday,7,4,April,2016,true
20160417,2016-04-17,17,Sunday,1,4,April,2016,true
20160418,2016-04-18,18,Monday,2,4,April,2016,false
20160419,2016-04-19,19,Tuesday,3,4,April,2016,false
20160420,2016-04-20,20,Wednesday,4,4,April,2016,false
20160421,2016-04-21,21,Thursday,5,4,April,2016,false
20160422,2016-04-22,22,Friday,6,4,April,2016,false
20160423,2016-04-23,23,Saturday,7,4,April,2016,true
20160424,2016-04-24,24,Sunday,1,4,April,2016,true
20160425,2016-04-25,25,Monday,2,4,April,2016,false
20160426,2016-04-26,26,Tuesday,3,4,April,2016,false
20160427,2016-04-27,27,Wednesday,4,4,April,2016,false
20160428,2016-04-28,28,Thursday,5,4,April,2016,false
20160429,2016-04-29,29,Friday,6,4,April,2016,false
20160430,2016-04-30,30,Saturday,7,4,April,2016,true
20160501,2016-05-01,1,Sunday,1,5,May,2016,true
20160502,2016-05-02,2,Monday,2,5,May,2016,false
20160503,2016-05-03,3,Tuesday,3,5,May,2016,false
20160504,2016-05-04,4,Wednesday,4,5,May,2016,false
20160505,2016-05-05,5,Thursday,5,5,May,2016,false
20160506,2016-05-06,6,Friday,6,5,May,2016,false
20160507,2016-05-07,7,Saturday,7,5,May,2016,true
20160508,2016-05-08,8,Sunday,1,5,May,2016,true
20160509,2016-05-09,9,Monday,2,5,May,2016,false
20160510,2016-05-10,10,Tuesday,3,5,May,2016,false
20160511,2016-05-11,11,Wednesday,4,5,May,2016,false
20160512,2016-05-12,12,Thursday,5,5,May,2016,false
20160513,2016-05-13,13,Friday,6,5,May,2016,false
20160514,2016-05-14,14,Saturday,7,5,May,2016,true
20160515,2016-05-15,15,Sunday,1,5,May,2016,true
20160516,2016-05-16,16,Monday,2,5,May,2016,false
20160517,2016-05-17,17,Tuesday,3,5,May,2016,false
20160518,2016-05-18,18,Wednesday,4,5,May,2016,false
20160519,2016-05-19,19,Thursday,5,5,May,2016,false
20160520,2016-05-20,20,Friday,6,5,May,2016,false
20160521,2016-05-21,21,Saturday,7,5,May,2016,true
20160522,2016-05-22,22,Sunday,1,5,May,2016,true
20160523,2016-05-23,23,Monday,2,5,May,2016,false
20160524,2016-05-24,24,Tuesday,3,5,May,2016,false
20160525,2016-05-25,25,Wednesday,4,5,May,2016,false
20160526,2016-05-26,26,Thursday,5,5,May,2016,false
20160527,2016-05-27,27,Friday,6,5,May,2016,false
20160528,2016-05-28,28,Saturday,7,5,May,2016,true
20160529,2016-05-29,29,Sunday,1,5,May,2016,true
20160530,2016-05-30,30,Monday,2,5,May,2016,false
20160531,2016-05-31,31,Tuesday,3,5,May,2016,false
20160601,2016-06-01,1,Wednesday,4,6,June,2016,false
20160602,2016-06-02,2,Thursday,5,6,June,2016,false
20160603,2016-06-03,3,Friday,6,6,June,2016,false
20160604,2016-06-04,4,Saturday,7,6,June,2016,true
20160605,2016-06-05,5,Sunday,1,6,June,2016,true
20160606,2016-06-06,6,Monday,2,6,June,2016,false
20160607,2016-06-07,7,Tuesday,3,6,June,2016,false
20160608,2016-06-08,8,Wednesday,4,6,June,2016,false
20160609,2016-06-09,9,Thursday,5,6,June,2016,false
20160610,2016-06-10,10,Friday,6,6,June,2016,false
20160611,2016-06-11,11,Saturday,7,6,June,2016,true
20160612,2016-06-12,12,Sunday,1,6,June,2016,true
20160613,2016-06-13,13,Monday,2,6,June,2016,false
20160614,2016-06-14,14,Tuesday,3,6,June,2016,false
20160615,2016-06-15,15,Wednesday,4,6,June,2016,false
20160616,2016-06-16,16,Thursday,5,6,June,2016,false
20160617,2016-06-17,17,Friday,6,6,June,2016,false
20160618,2016-06-18,18,Saturday,7,6,June,2016,true
20160619,2016-06-19,19,Sunday,1,6,June,2016,true
20160620,2016-06-20,20,Monday,2,6,June,2016,false
20160621,2016-06-21,21,Tuesday,3,6,June,2016,false
20160622,2016-06-22,22,Wednesday,4,6,June,2016,false
20160623,2016-06-23,23,Thursday,5,6,June,2016,false
20160624,2016-06-24,24,Friday,6,6,June,2016,false
20160625,2016-06-25,25,Saturday,7,6,June,2016,true
20160626,2016-06-26,26,Sunday,1,6,June,2016,true
20160627,2016-06-27,27,Monday,2,6,June,2016,false
20160628,2016-06-28,28,Tuesday,3,6,June,2016,false
20160629,2016-06-29,29,Wednesday,4,6,June,2016,false
20160630,2016-06-30,30,Thursday,5,6,June,2016,false
20160701,2016-07-01,1,Friday,6,7,July,2016,false
20160702,2016-07-02,2,Saturday,7,7,July,2016,true
20160703,2016-07-03,3,Sunday,1,7,July,2016,true
20160704,2016-07-04,4,Monday,2,7,July,2016,false
20160705,2016-07-05,5,Tuesday,3,7,July,2016,false
20160706,2016-07-06,6,Wednesday,4,7,July,2016,false
20160707,2016-07-07,7,Thursday,5,7,July,2016,false
20160708,2016-07-08,8,Friday,6,7,July,2016,false
20160709,2016-07-09,9,Saturday,7,7,July,2016,true
20160710,2016-07-10,10,Sunday,1,7,July,2016,true
20160711,2016-07-11,11,Monday,2,7,July,2016,false
20160712,2016-07-12,12,Tuesday,3,7,July,2016,false
20160713,2016-07-13,13,Wednesday,4,7,July,2016,false
20160714,2016-07-14,14,Thursday,5,7,July,2016,false
20160715,2016-07-15,15,Friday,6,7,July,2016,false
20160716,2016-07-16,16,Saturday,7,7,July,2016,true
20160717,2016-07-17,17,Sunday,1,7,July,2016,true
20160718,2016-07-18,18,Monday,2,7,July,2016,false
20160719,2016-07-19,19,Tuesday,3,7,July,2016,false
20160720,2016-07-20,20,Wednesday,4,7,July,2016,false
20160721,2016-07-21,21,Thursday,5,7,July,2016,false
20160722,2016-07-22,22,Friday,6,7,July,2016,false
20160723,2016-07-23,23,Saturday,7,7,July,2016,true
20160724,2016-07-24,24,Sunday,1,7,July,2016,true
20160725,2016-07-25,25,Monday,2,7,July,2016,false
20160726,2016-07-26,26,Tuesday,3,7,July,2016,false
20160727,2016-07-27,27,Wednesday,4,7,July,2016,false
20160728,2016-07-28,28,Thursday,5,7,July,2016,false
20160729,2016-07-29,29,Friday,6,7,July,2016,false
20160730,2016-07-30,30,Saturday,7,7,July,2016,true
20160731,2016-07-31,31,Sunday,1,7,July,2016,true
20160801,2016-08-01,1,Monday,2,8,August,2016,false
20160802,2016-08-02,2,Tuesday,3,8,August,2016,false
20160803,2016-08-03,3,Wednesday,4,8,August,2016,false
20160804,2016-08-04,4,Thursday,5,8,August,2016,false
20160805,2016-08-05,5,Friday,6,8,August,2016,false
20160806,2016-08-06,6,Saturday,7,8,August,2016,true
20160807,2016-08-07,7,Sunday,1,8,August,2016,true
20160808,2016-08-08,8,Monday,2,8,August,2016,false
20160809,2016-08-09,9,Tuesday,3,8,August,2016,false
20160810,2016-08-10,10,Wednesday,4,8,August,2016,false
20160811,2016-08-11,11,Thursday,5,8,August,2016,false
20160812,2016-08-12,12,Friday,6,8,August,2016,false
20160813,2016-08-13,13,Saturday,7,8,August,2016,true
20160814,2016-08-14,14,Sunday,1,8,August,2016,true
20160815,2016-08-15,15,Monday,2,8,August,2016,false
20160816,2016-08-16,16,Tuesday,3,8,August,2016,false
20160817,2016-08-17,17,Wednesday,4,8,August,2016,false
20160818,2016-08-18,18,Thursday,5,8,August,2016,false
20160819,2016-08-19,19,Friday,6,8,August,2016,false
20160820,2016-08-20,20,Saturday,7,8,August,2016,true
20160821,2016-08-21,21,Sunday,1,8,August,2016,true
20160822,2016-08-22,22,Monday,2,8,August,2016,false
20160823,2016-08-23,23,Tuesday,3,8,August,2016,false
20160824,2016-08-24,24,Wednesday,4,8,August,2016,false
20160825,2016-08-25,25,Thursday,5,8,August,2016,false
20160826,2016-08-26,26,Friday,6,8,August,2016,false
20160827,2016-08-27,27,Saturday,7,8,August,2016,true
20160828,2016-08-28,28,Sunday,1,8,August,2016,true
20160829,2016-08-29,29,Monday,2,8,August,2016,false
20160830,2016-08-30,30,Tuesday,3,8,August,2016,false
20160831,2016-08-31,31,Wednesday,4,8,August,2016,false
20160901,2016-09-01,1,Thursday,5,9,September,2016,false
20160902,2016-09-02,2,Friday,6,9,September,2016,false
20160903,2016-09-03,3,Saturday,7,9,September,2016,true
20160904,2016-09-04,4,Sunday,1,9,September,2016,true
20160905,2016-09-05,5,Monday,2,9,September,2016,false
20160906,2016-09-06,6,Tuesday,3,9,September,2016,false
20160907,2016-09-07,7,Wednesday,4,9,September,2016,false
20160908,2016-09-08,8,Thursday,5,9,September,2016,false
20160909,2016-09-09,9,Friday,6,9,September,2016,false
20160910,2016-09-10,10,Saturday,7,9,September,2016,true
20160911,2016-09-11,11,Sunday,1,9,September,2016,true
20160912,2016-09-12,12,Monday,2,9,September,2016,false
20160913,2016-09-13,13,Tuesday,3,9,September,2016,false
20160914,2016-09-14,14,Wednesday,4,9,September,2016,false
20160915,2016-09-15,15,Thursday,5,9,September,2016,false
20160916,2016-09-16,16,Friday,6,9,September,2016,false
20160917,2016-09-17,17,Saturday,7,9,September,2016,true
20160918,2016-09-18,18,Sunday,1,9,September,2016,true
20160919,2016-09-19,19,Monday,2,9,September,2016,false
20160920,2016-09-20,20,Tuesday,3,9,September,2016,false
20160921,2016-09-21,21,Wednesday,4,9,September,2016,false
20160922,2016-09-22,22,Thursday,5,9,September,2016,false
20160923,2016-09-23,23,Friday,6,9,September,2016,false
20160924,2016-09-24,24,Saturday,7,9,September,2016,true
20160925,2016-09-25,25,Sunday,1,9,September,2016,true
20160926,2016-09-26,26,Monday,2,9,September,2016,false
20160927,2016-09-27,27,Tuesday,3,9,September,2016,false
20160928,2016-09-28,28,Wednesday,4,9,September,2016,false
20160929,2016-09-29,29,Thursday,5,9,September,2016,false
20160930,2016-09-30,30,Friday,6,9,September,2016,false
20161001,2016-10-01,1,Saturday,7,10,October,2016,true
20161002,2016-10-02,2,Sunday,1,10,October,2016,true
20161003,2016-10-03,3,Monday,2,10,October,2016,false
20161004,2016-10-04,4,Tuesday,3,10,October,2016,false
20161005,2016-10-05,5,Wednesday,4,10,October,2016,false
20161006,2016-10-06,6,Thursday,5,10,October,2016,false
20161007,2016-10-07,7,Friday,6,10,October,2016,false
20161008,2016-10-08,8,Saturday,7,10,October,2016,true
20161009,2016-10-09,9,Sunday,1,10,October,2016,true
20161010,2016-10-10,10,Monday,2,10,October,2016,false
20161011,2016-10-11,11,Tuesday,3,10,October,2016,false
20161012,2016-10-12,12,Wednesday,4,10,October,2016,false
20161013,2016-10-13,13,Thursday,5,10,October,2016,false
20161014,2016-10-14,14,Friday,6,10,October,2016,false
20161015,2016-10-15,15,Saturday,7,10,October,2016,true
20161016,2016-10-16,16,Sunday,1,10,October,2016,true
20161017,2016-10-17,17,Monday,2,10,October,2016,false
20161018,2016-10-18,18,Tuesday,3,10,October,2016,false
20161019,2016-10-19,19,Wednesday,4,10,October,2016,false
20161020,2016-10-20,20,Thursday,5,10,October,2016,false
20161021,2016-10-21,21,Friday,6,10,October,2016,false
20161022,2016-10-22,22,Saturday,7,10,October,2016,true
20161023,2016-10-23,23,Sunday,1,10,October,2016,true
20161024,2016-10-24,24,Monday,2,10,October,2016,false
20161025,2016-10-25,25,Tuesday,3,10,October,2016,false
20161026,2016-10-26,26,Wednesday,4,10,October,2016,false
20161027,2016-10-27,27,Thursday,5,10,October,2016,false
20161028,2016-10-28,28,Friday,6,10,October,2016,false
20161029,2016-10-29,29,Saturday,7,10,October,2016,true
20161030,2016-10-30,30,Sunday,1,10,October,2016,true
20161031,2016-10-31,31,Monday,2,10,October,2016,false
20161101,2016-11-01,1,Tuesday,3,11,November,2016,false
20161102,2016-11-02,2,Wednesday,4,11,November,2016,false
20161103,2016-11-03,3,Thursday,5,11,November,2016,false
20161104,2016-11-04,4,Friday,6,11,November,2016,false
20161105,2016-11-05,5,Saturday,7,11,November,2016,true
20161106,2016-11-06,6,Sunday,1,11,November,2016,true
20161107,2016-11-07,7,Monday,2,11,November,2016,false
20161108,2016-11-08,8,Tuesday,3,11,November,2016,false
20161109,2016-11-09,9,Wednesday,4,11,November,2016,false
20161110,2016-11-10,10,Thursday,5,11,November,2016,false
20161111,2016-11-11,11,Friday,6,11,November,2016,false
20161112,2016-11-12,12,Saturday,7,11,November,2016,true
20161113,2016-11-13,13,Sunday,1,11,November,2016,true
20161114,2016-11-14,14,Monday,2,11,November,2016,false
20161115,2016-11-15,15,Tuesday,3,11,November,2016,false
20161116,2016-11-16,16,Wednesday,4,11,November,2016,false
20161117,2016-11-17,17,Thursday,5,11,November,2016,false
20161118,2016-11-18,18,Friday,6,11,November,2016,false
20161119,2016-11-19,19,Saturday,7,11,November,2016,true
20161120,2016-11-20,20,Sunday,1,11,November,2016,true
20161121,2016-11-21,21,Monday,2,11,November,2016,false
20161122,2016-11-22,22,Tuesday,3,11,November,2016,false
20161123,2016-11-23,23,Wednesday,4,11,November,2016,false
20161124,2016-11-24,24,Thursday,5,11,November,2016,false
20161125,2016-11-25,25,Friday,6,11,November,2016,false
20161126,2016-11-26,26,Saturday,7,11,November,2016,true
20161127,2016-11-27,27,Sunday,1,11,November,2016,true
20161128,2016-11-28,28,Monday,2,11,November,2016,false
20161129,2016-11-29,29,Tuesday,3,11,November,2016,false
20161130,2016-11-30,30,Wednesday,4,11,November,2016,false
20161201,2016-12-01,1,Thursday,5,12,December,2016,false
20161202,2016-12-02,2,Friday,6,12,December,2016,false
20161203,2016-12-03,3,Saturday,7,12,December,2016,true
20161204,2016-12-04,4,Sunday,1,12,December,2016,true
20161205,2016-12-05,5,Monday,2,12,December,2016,false
20161206,2016-12-06,6,Tuesday,3,12,December,2016,false
20161207,2016-12-07,7,Wednesday,4,12,December,2016,false
20161208,2016-12-08,8,Thursday,5,12,December,2016,false
20161209,2016-12-09,9,Friday,6,12,December,2016,false
20161210,2016-12-10,10,Saturday,7,12,December,2016,true
20161211,2016-12-11,11,Sunday,1,12,December,2016,true
20161212,2016-12-12,12,Monday,2,12,December,2016,false
20161213,2016-12-13,13,Tuesday,3,12,December,2016,false
20161214,2016-12-14,14,Wednesday,4,12,December,2016,false
20161215,2016-12-15,15,Thursday,5,12,December,2016,false
20161216,2016-12-16,16,Friday,6,12,December,2016,false
20161217,2016-12-17,17,Saturday,7,12,December,2016,true
20161218,2016-12-18,18,Sunday,1,12,December,2016,true
20161219,2016-12-19,19,Monday,2,12,December,2016,false
20161220,2016-12-20,20,Tuesday,3,12,December,2016,false
20161221,2016-12-21,21,Wednesday,4,12,December,2016,false
20161222,2016-12-22,22,Thursday,5,12,December,2016,false
20161223,2016-12-23,23,Friday,6,12,December,2016,false
20161224,2016-12-24,24,Saturday,7,12,December,2016,true
20161225,2016-12-25,25,Sunday,1,12,December,2016,true
20161226,2016-12-26,26,Monday,2,12,December,2016,false
20161227,2016-12-27,27,Tuesday,3,12,December,2016,false
20161228,2016-12-28,28,Wednesday,4,12,December,2016,false
20161229,2016-12-29,29,Thursday,5,12,December,2016,false
20161230,2016-12-30,30,Friday,6,12,December,2016,false
20161231,2016-12-31,31,Saturday,7,12,December,2016,true
20170101,2017-01-01,1,Sunday,1,1,January,2017,true
20170102,2017-01-02,2,Monday,2,1,January,2017,false
20170103,2017-01-03,3,Tuesday,3,1,January,2017,false
20170104,2017-01-04,4,Wednesday,4,1,January,2017,false
20170105,2017-01-05,5,Thursday,5,1,January,2017,false
20170106,2017-01-06,6,Friday,6,1,January,2017,false
20170107,2017-01-07,7,Saturday,7,1,January,2017,true
20170108,2017-01-08,8,Sunday,1,1,January,2017,true
20170109,2017-01-09,9,Monday,2,1,January,2017,false
20170110,2017-01-10,10,Tuesday,3,1,January,2017,false
20170111,2017-01-11,11,Wednesday,4,1,January,2017,false
20170112,2017-01-12,12,Thursday,5,1,January,2017,false
20170113,2017-01-13,13,Friday,6,1,January,2017,false
20170114,2017-01-14,14,Saturday,7,1,January,2017,true
20170115,2017-01-15,15,Sunday,1,1,January,2017,true
20170116,2017-01-16,16,Monday,2,1,January,2017,false
20170117,2017-01-17,17,Tuesday,3,1,January,2017,false
20170118,2017-01-18,18,Wednesday,4,1,January,2017,false
20170119,2017-01-19,19,Thursday,5,1,January,2017,false
20170120,2017-01-20,20,Friday,6,1,January,2017,false
20170121,2017-01-21,21,Saturday,7,1,January,2017,true
20170122,2017-01-22,22,Sunday,1,1,January,2017,true
20170123,2017-01-23,23,Monday,2,1,January,2017,false
20170124,2017-01-24,24,Tuesday,3,1,January,2017,false
20170125,2017-01-25,25,Wednesday,4,1,January,2017,false
20170126,2017-01-26,26,Thursday,5,1,January,2017,false
20170127,2017-01-27,27,Friday,6,1,January,2017,false
20170128,2017-01-28,28,Saturday,7,1,January,2017,true
20170129,2017-01-29,29,Sunday,1,1,January,2017,true
20170130,2017-01-30,30,Monday,2,1,January,2017,false
20170131,2017-01-31,31,Tuesday,3,1,January,2017,false
20170201,2017-02-01,1,Wednesday,4,2,February,2017,false
20170202,2017-02-02,2,Thursday,5,2,February,2017,false
20170203,2017-02-03,3,Friday,6,2,February,2017,false
20170204,2017-02-04,4,Saturday,7,2,February,2017,true
20170205,2017-02-05,5,Sunday,1,2,February,2017,true
20170206,2017-02-06,6,Monday,2,2,February,2017,false
20170207,2017-02-07,7,Tuesday,3,2,February,2017,false
20170208,2017-02-08,8,Wednesday,4,2,February,2017,false
20170209,2017-02-09,9,Thursday,5,2,February,2017,false
20170210,2017-02-10,10,Friday,6,2,February,2017,false
20170211,2017-02-11,11,Saturday,7,2,February,2017,true
20170212,2017-02-12,12,Sunday,1,2,February,2017,true
20170213,2017-02-13,13,Monday,2,2,February,2017,false
20170214,2017-02-14,14,Tuesday,3,2,February,2017,false
20170215,2017-02-15,15,Wednesday,4,2,February,2017,false
20170216,2017-02-16,16,Thursday,5,2,February,2017,false
20170217,2017-02-17,17,Friday,6,2,February,2017,false
20170218,2017-02-18,18,Saturday,7,2,February,2017,true
20170219,2017-02-19,19,Sunday,1,2,February,2017,true
20170220,2017-02-20,20,Monday,2,2,February,2017,false
20170221,2017-02-21,21,Tuesday,3,2,February,2017,false
20170222,2017-02-22,22,Wednesday,4,2,February,2017,false
20170223,2017-02-23,23,Thursday,5,2,February,2017,false
20170224,2017-02-24,24,Friday,6,2,February,2017,false
20170225,2017-02-25,25,Saturday,7,2,February,2017,true
20170226,2017-02-26,26,Sunday,1,2,February,2017,true
20170227,2017-02-27,27,Monday,2,2,February,2017,false
20170228,2017-02-28,28,Tuesday,3,2,February,2017,false
20170301,2017-03-01,1,Wednesday,4,3,March,2017,false
20170302,2017-03-02,2,Thursday,5,3,March,2017,false
20170303,2017-03-03,3,Friday,6,3,March,2017,false
20170304,2017-03-04,4,Saturday,7,3,March,2017,true
20170305,2017-03-05,5,Sunday,1,3,March,2017,true
20170306,2017-03-06,6,Monday,2,3,March,2017,false
20170307,2017-03-07,7,Tuesday,3,3,March,2017,false
20170308,2017-03-08,8,Wednesday,4,3,March,2017,false
20170309,2017-03-09,9,Thursday,5,3,March,2017,false
20170310,2017-03-10,10,Friday,6,3,March,2017,false
20170311,2017-03-11,11,Saturday,7,3,March,2017,true
20170312,2017-03-12,12,Sunday,1,3,March,2017,true
20170313,2017-03-13,13,Monday,2,3,March,2017,false
20170314,2017-03-14,14,Tuesday,3,3,March,2017,false
20170315,2017-03-15,15,Wednesday,4,3,March,2017,false
20170316,2017-03-16,16,Thursday,5,3,March,2017,false
20170317,2017-03-17,17,Friday,6,3,March,2017,false
20170318,2017-03-18,18,Saturday,7,3,March,2017,true
20170319,2017-03-19,19,Sunday,1,3,March,2017,true
20170320,2017-03-20,20,Monday,2,3,March,2017,false
20170321,2017-03-21,21,Tuesday,3,3,March,2017,false
20170322,2017-03-22,22,Wednesday,4,3,March,2017,false
20170323,2017-03-23,23,Thursday,5,3,March,2017,false
20170324,2017-03-24,24,Friday,6,3,March,2017,false
20170325,2017-03-25,25,Saturday,7,3,March,2017,true
20170326,2017-03-26,26,Sunday,1,3,March,2017,true
20170327,2017-03-27,27,Monday,2,3,March,2017,false
20170328,2017-03-28,28,Tuesday,3,3,March,2017,false
20170329,2017-03-29,29,Wednesday,4,3,March,2017,false
20170330,2017-03-30,30,Thursday,5,3,March,2017,false
20170331,2017-03-31,31,Friday,6,3,March,2017,false
20170401,2017-04-01,1,Saturday,7,4,April,2017,true
20170402,2017-04-02,2,Sunday,1,4,April,2017,true
20170403,2017-04-03,3,Monday,2,4,April,2017,false
20170404,2017-04-04,4,Tuesday,3,4,April,2017,false
20170405,2017-04-05,5,Wednesday,4,4,April,2017,false
20170406,2017-04-06,6,Thursday,5,4,April,2017,false
20170407,2017-04-07,7,Friday,6,4,April,2017,false
20170408,2017-04-08,8,Saturday,7,4,April,2017,true
20170409,2017-04-09,9,Sunday,1,4,April,2017,true
20170410,2017-04-10,10,Monday,2,4,April,2017,false
20170411,2017-04-11,11,Tuesday,3,4,April,2017,false
20170412,2017-04-12,12,Wednesday,4,4,April,2017,false
20170413,2017-04-13,13,Thursday,5,4,April,2017,false
20170414,2017-04-14,14,Friday,6,4,April,2017,false
20170415,2017-04-15,15,Saturday,7,4,April,2017,true
20170416,2017-04-16,16,Sunday,1,4,April,2017,true
20170417,2017-04-17,17,Monday,2,4,April,2017,false
20170418,2017-04-18,18,Tuesday,3,4,April,2017,false
20170419,2017-04-19,19,Wednesday,4,4,April,2017,false
20170420,2017-04-20,20,Thursday,5,4,April,2017,false
20170421,2017-04-21,21,Friday,6,4,April,2017,false
20170422,2017-04-22,22,Saturday,7,4,April,2017,true
20170423,2017-04-23,23,Sunday,1,4,April,2017,true
20170424,2017-04-24,24,Monday,2,4,April,2017,false
20170425,2017-04-25,25,Tuesday,3,4,April,2017,false
20170426,2017-04-26,26,Wednesday,4,4,April,2017,false
20170427,2017-04-27,27,Thursday,5,4,April,2017,false
20170428,2017-04-28,28,Friday,6,4,April,2017,false
20170429,2017-04-29,29,Saturday,7,4,April,2017,true
20170430,2017-04-30,30,Sunday,1,4,April,2017,true
20170501,2017-05-01,1,Monday,2,5,May,2017,false
20170502,2017-05-02,2,Tuesday,3,5,May,2017,false
20170503,2017-05-03,3,Wednesday,4,5,May,2017,false
20170504,2017-05-04,4,Thursday,5,5,May,2017,false
20170505,2017-05-05,5,Friday,6,5,May,2017,false
20170506,2017-05-06,6,Saturday,7,5,May,2017,true
20170507,2017-05-07,7,Sunday,1,5,May,2017,true
20170508,2017-05-08,8,Monday,2,5,May,2017,false
20170509,2017-05-09,9,Tuesday,3,5,May,2017,false
20170510,2017-05-10,10,Wednesday,4,5,May,2017,false
20170511,2017-05-11,11,Thursday,5,5,May,2017,false
20170512,2017-05-12,12,Friday,6,5,May,2017,false
20170513,2017-05-13,13,Saturday,7,5,May,2017,true
20170514,2017-05-14,14,Sunday,1,5,May,2017,true
20170515,2017-05-15,15,Monday,2,5,May,2017,false
20170516,2017-05-16,16,Tuesday,3,5,May,2017,false
20170517,2017-05-17,17,Wednesday,4,5,May,2017,false
20170518,2017-05-18,18,Thursday,5,5,May,2017,false
20170519,2017-05-19,19,Friday,6,5,May,2017,false
20170520,2017-05-20,20,Saturday,7,5,May,2017,true
20170521,2017-05-21,21,Sunday,1,5,May,2017,true
20170522,2017-05-22,22,Monday,2,5,May,2017,false
20170523,2017-05-23,23,Tuesday,3,5,May,2017,false
20170524,2017-05-24,24,Wednesday,4,5,May,2017,false
20170525,2017-05-25,25,Thursday,5,5,May,2017,false
20170526,2017-05-26,26,Friday,6,5,May,2017,false
20170527,2017-05-27,27,Saturday,7,5,May,2017,true
20170528,2017-05-28,28,Sunday,1,5,May,2017,true
20170529,2017-05-29,29,Monday,2,5,May,2017,false
20170530,2017-05-30,30,Tuesday,3,5,May,2017,false
20170531,2017-05-31,31,Wednesday,4,5,May,2017,false
20170601,2017-06-01,1,Thursday,5,6,June,2017,false
20170602,2017-06-02,2,Friday,6,6,June,2017,false
20170603,2017-06-03,3,Saturday,7,6,June,2017,true
20170604,2017-06-04,4,Sunday,1,6,June,2017,true
20170605,2017-06-05,5,Monday,2,6,June,2017,false
20170606,2017-06-06,6,Tuesday,3,6,June,2017,false
20170607,2017-06-07,7,Wednesday,4,6,June,2017,false
20170608,2017-06-08,8,Thursday,5,6,June,2017,false
20170609,2017-06-09,9,Friday,6,6,June,2017,false
20170610,2017-06-10,10,Saturday,7,6,June,2017,true
20170611,2017-06-11,11,Sunday,1,6,June,2017,true
20170612,2017-06-12,12,Monday,2,6,June,2017,false
20170613,2017-06-13,13,Tuesday,3,6,June,2017,false
20170614,2017-06-14,14,Wednesday,4,6,June,2017,false
20170615,2017-06-15,15,Thursday,5,6,June,2017,false
20170616,2017-06-16,16,Friday,6,6,June,2017,false
20170617,2017-06-17,17,Saturday,7,6,June,2017,true
20170618,2017-06-18,18,Sunday,1,6,June,2017,true
20170619,2017-06-19,19,Monday,2,6,June,2017,false
20170620,2017-06-20,20,Tuesday,3,6,June,2017,false
20170621,2017-06-21,21,Wednesday,4,6,June,2017,false
20170622,2017-06-22,22,Thursday,5,6,June,2017,false
20170623,2017-06-23,23,Friday,6,6,June,2017,false
20170624,2017-06-24,24,Saturday,7,6,June,2017,true
20170625,2017-06-25,25,Sunday,1,6,June,2017,true
20170626,2017-06-26,26,Monday,2,6,June,2017,false
20170627,2017-06-27,27,Tuesday,3,6,June,2017,false
20170628,2017-06-28,28,Wednesday,4,6,June,2017,false
20170629,2017-06-29,29,Thursday,5,6,June,2017,false
20170630,2017-06-30,30,Friday,6,6,June,2017,false
20170701,2017-07-01,1,Saturday,7,7,July,2017,true
20170702,2017-07-02,2,Sunday,1,7,July,2017,true
20170703,2017-07-03,3,Monday,2,7,July,2017,false
20170704,2017-07-04,4,Tuesday,3,7,July,2017,false
20170705,2017-07-05,5,Wednesday,4,7,July,2017,false
20170706,2017-07-06,6,Thursday,5,7,July,2017,false
20170707,2017-07-07,7,Friday,6,7,July,2017,false
20170708,2017-07-08,8,Saturday,7,7,July,2017,true
20170709,2017-07-09,9,Sunday,1,7,July,2017,true
20170710,2017-07-10,10,Monday,2,7,July,2017,false
20170711,2017-07-11,11,Tuesday,3,7,July,2017,false
20170712,2017-07-12,12,Wednesday,4,7,July,2017,false
20170713,2017-07-13,13,Thursday,5,7,July,2017,false
20170714,2017-07-14,14,Friday,6,7,July,2017,false
20170715,2017-07-15,15,Saturday,7,7,July,2017,true
20170716,2017-07-16,16,Sunday,1,7,July,2017,true
20170717,2017-07-17,17,Monday,2,7,July,2017,false
20170718,2017-07-18,18,Tuesday,3,7,July,2017,false
20170719,2017-07-19,19,Wednesday,4,7,July,2017,false
20170720,2017-07-20,20,Thursday,5,7,July,2017,false
20170721,2017-07-21,21,Friday,6,7,July,2017,false
20170722,2017-07-22,22,Saturday,7,7,July,2017,true
20170723,2017-07-23,23,Sunday,1,7,July,2017,true
20170724,2017-07-24,24,Monday,2,7,July,2017,false
20170725,2017-07-25,25,Tuesday,3,7,July,2017,false
20170726,2017-07-26,26,Wednesday,4,7,July,2017,false
20170727,2017-07-27,27,Thursday,5,7,July,2017,false
20170728,2017-07-28,28,Friday,6,7,July,2017,false
20170729,2017-07-29,29,Saturday,7,7,July,2017,true
20170730,2017-07-30,30,Sunday,1,7,July,2017,true
20170731,2017-07-31,31,Monday,2,7,July,2017,false
20170801,2017-08-01,1,Tuesday,3,8,August,2017,false
20170802,2017-08-02,2,Wednesday,4,8,August,2017,false
20170803,2017-08-03,3,Thursday,5,8,August,2017,false
20170804,2017-08-04,4,Friday,6,8,August,2017,false
20170805,2017-08-05,5,Saturday,7,8,August,2017,true
20170806,2017-08-06,6,Sunday,1,8,August,2017,true
20170807,2017-08-07,7,Monday,2,8,August,2017,false
20170808,2017-08-08,8,Tuesday,3,8,August,2017,false
20170809,2017-08-09,9,Wednesday,4,8,August,2017,false
20170810,2017-08-10,10,Thursday,5,8,August,2017,false
20170811,2017-08-11,11,Friday,6,8,August,2017,false
20170812,2017-08-12,12,Saturday,7,8,August,2017,true
20170813,2017-08-13,13,Sunday,1,8,August,2017,true
20170814,2017-08-14,14,Monday,2,8,August,2017,false
20170815,2017-08-15,15,Tuesday,3,8,August,2017,false
20170816,2017-08-16,16,Wednesday,4,8,August,2017,false
20170817,2017-08-17,17,Thursday,5,8,August,2017,false
20170818,2017-08-18,18,Friday,6,8,August,2017,false
20170819,2017-08-19,19,Saturday,7,8,August,2017,true
20170820,2017-08-20,20,Sunday,1,8,August,2017,true
20170821,2017-08-21,21,Monday,2,8,August,2017,false
20170822,2017-08-22,22,Tuesday,3,8,August,2017,false
20170823,2017-08-23,23,Wednesday,4,8,August,2017,false
20170824,2017-08-24,24,Thursday,5,8,August,2017,false
20170825,2017-08-25,25,Friday,6,8,August,2017,false
20170826,2017-08-26,26,Saturday,7,8,August,2017,true
20170827,2017-08-27,27,Sunday,1,8,August,2017,true
20170828,2017-08-28,28,Monday,2,8,August,2017,false
20170829,2017-08-29,29,Tuesday,3,8,August,2017,false
20170830,2017-08-30,30,Wednesday,4,8,August,2017,false
20170831,2017-08-31,31,Thursday,5,8,August,2017,false
20170901,2017-09-01,1,Friday,6,9,September,2017,false
20170902,2017-09-02,2,Saturday,7,9,September,2017,true
20170903,2017-09-03,3,Sunday,1,9,September,2017,true
20170904,2017-09-04,4,Monday,2,9,September,2017,false
20170905,2017-09-05,5,Tuesday,3,9,September,2017,false
20170906,2017-09-06,6,Wednesday,4,9,September,2017,false
20170907,2017-09-07,7,Thursday,5,9,September,2017,false
20170908,2017-09-08,8,Friday,6,9,September,2017,false
20170909,2017-09-09,9,Saturday,7,9,September,2017,true
20170910,2017-09-10,10,Sunday,1,9,September,2017,true
20170911,2017-09-11,11,Monday,2,9,September,2017,false
20170912,2017-09-12,12,Tuesday,3,9,September,2017,false
20170913,2017-09-13,13,Wednesday,4,9,September,2017,false
20170914,2017-09-14,14,Thursday,5,9,September,2017,false
20170915,2017-09-15,15,Friday,6,9,September,2017,false
20170916,2017-09-16,16,Saturday,7,9,September,2017,true
20170917,2017-09-17,17,Sunday,1,9,September,2017,true
20170918,2017-09-18,18,Monday,2,9,September,2017,false
20170919,2017-09-19,19,Tuesday,3,9,September,2017,false
20170920,2017-09-20,20,Wednesday,4,9,September,2017,false
20170921,2017-09-21,21,Thursday,5,9,September,2017,false
20170922,2017-09-22,22,Friday,6,9,September,2017,false
20170923,2017-09-23,23,Saturday,7,9,September,2017,true
20170924,2017-09-24,24,Sunday,1,9,September,2017,true
20170925,2017-09-25,25,Monday,2,9,September,2017,false
20170926,2017-09-26,26,Tuesday,3,9,September,2017,false
20170927,2017-09-27,27,Wednesday,4,9,September,2017,false
20170928,2017-09-28,28,Thursday,5,9,September,2017,false
20170929,2017-09-29,29,Friday,6,9,September,2017,false
20170930,2017-09-30,30,Saturday,7,9,September,2017,true
20171001,2017-10-01,1,Sunday,1,10,October,2017,true
20171002,2017-10-02,2,Monday,2,10,October,2017,false
20171003,2017-10-03,3,Tuesday,3,10,October,2017,false
20171004,2017-10-04,4,Wednesday,4,10,October,2017,false
20171005,2017-10-05,5,Thursday,5,10,October,2017,false
20171006,2017-10-06,6,Friday,6,10,October,2017,false
20171007,2017-10-07,7,Saturday,7,10,October,2017,true
20171008,2017-10-08,8,Sunday,1,10,October,2017,true
20171009,2017-10-09,9,Monday,2,10,October,2017,false
20171010,2017-10-10,10,Tuesday,3,10,October,2017,false
20171011,2017-10-11,11,Wednesday,4,10,October,2017,false
20171012,2017-10-12,12,Thursday,5,10,October,2017,false
20171013,2017-10-13,13,Friday,6,10,October,2017,false
20171014,2017-10-14,14,Saturday,7,10,October,2017,true
20171015,2017-10-15,15,Sunday,1,10,October,2017,true
20171016,2017-10-16,16,Monday,2,10,October,2017,false
20171017,2017-10-17,17,Tuesday,3,10,October,2017,false
20171018,2017-10-18,18,Wednesday,4,10,October,2017,false
20171019,2017-10-19,19,Thursday,5,10,October,2017,false
20171020,2017-10-20,20,Friday,6,10,October,2017,false
20171021,2017-10-21,21,Saturday,7,10,October,2017,true
20171022,2017-10-22,22,Sunday,1,10,October,2017,true
20171023,2017-10-23,23,Monday,2,10,October,2017,false
20171024,2017-10-24,24,Tuesday,3,10,October,2017,false
20171025,2017-10-25,25,Wednesday,4,10,October,2017,false
20171026,2017-10-26,26,Thursday,5,10,October,2017,false
20171027,2017-10-27,27,Friday,6,10,October,2017,false
20171028,2017-10-28,28,Saturday,7,10,October,2017,true
20171029,2017-10-29,29,Sunday,1,10,October,2017,true
20171030,2017-10-30,30,Monday,2,10,October,2017,false
20171031,2017-10-31,31,Tuesday,3,10,October,2017,false
20171101,2017-11-01,1,Wednesday,4,11,November,2017,false
20171102,2017-11-02,2,Thursday,5,11,November,2017,false
20171103,2017-11-03,3,Friday,6,11,November,2017,false
20171104,2017-11-04,4,Saturday,7,11,November,2017,true
20171105,2017-11-05,5,Sunday,1,11,November,2017,true
20171106,2017-11-06,6,Monday,2,11,November,2017,false
20171107,2017-11-07,7,Tuesday,3,11,November,2017,false
20171108,2017-11-08,8,Wednesday,4,11,November,2017,false
20171109,2017-11-09,9,Thursday,5,11,November,2017,false
20171110,2017-11-10,10,Friday,6,11,November,2017,false
20171111,2017-11-11,11,Saturday,7,11,November,2017,true
20171112,2017-11-12,12,Sunday,1,11,November,2017,true
20171113,2017-11-13,13,Monday,2,11,November,2017,false
20171114,2017-11-14,14,Tuesday,3,11,November,2017,false
20171115,2017-11-15,15,Wednesday,4,11,November,2017,false
20171116,2017-11-16,16,Thursday,5,11,November,2017,false
20171117,2017-11-17,17,Friday,6,11,November,2017,false
20171118,2017-11-18,18,Saturday,7,11,November,2017,true
20171119,2017-11-19,19,Sunday,1,11,November,2017,true
20171120,2017-11-20,20,Monday,2,11,November,2017,false
20171121,2017-11-21,21,Tuesday,3,11,November,2017,false
20171122,2017-11-22,22,Wednesday,4,11,November,2017,false
20171123,2017-11-23,23,Thursday,5,11,November,2017,false
20171124,2017-11-24,24,Friday,6,11,November,2017,false
20171125,2017-11-25,25,Saturday,7,11,November,2017,true
20171126,2017-11-26,26,Sunday,1,11,November,2017,true
20171127,2017-11-27,27,Monday,2,11,November,2017,false
20171128,2017-11-28,28,Tuesday,3,11,November,2017,false
20171129,2017-11-29,29,Wednesday,4,11,November,2017,false
20171130,2017-11-30,30,Thursday,5,11,November,2017,false
20171201,2017-12-01,1,Friday,6,12,December,2017,false
20171202,2017-12-02,2,Saturday,7,12,December,2017,true
20171203,2017-12-03,3,Sunday,1,12,December,2017,true
20171204,2017-12-04,4,Monday,2,12,December,2017,false
20171205,2017-12-05,5,Tuesday,3,12,December,2017,false
20171206,2017-12-06,6,Wednesday,4,12,December,2017,false
20171207,2017-12-07,7,Thursday,5,12,December,2017,false
20171208,2017-12-08,8,Friday,6,12,December,2017,false
20171209,2017-12-09,9,Saturday,7,12,December,2017,true
20171210,2017-12-10,10,Sunday,1,12,December,2017,true
20171211,2017-12-11,11,Monday,2,12,December,2017,false
20171212,2017-12-12,12,Tuesday,3,12,December,2017,false
20171213,2017-12-13,13,Wednesday,4,12,December,2017,false
20171214,2017-12-14,14,Thursday,5,12,December,2017,false
20171215,2017-12-15,15,Friday,6,12,December,2017,false
20171216,2017-12-16,16,Saturday,7,12,December,2017,true
20171217,2017-12-17,17,Sunday,1,12,December,2017,true
20171218,2017-12-18,18,Monday,2,12,December,2017,false
20171219,2017-12-19,19,Tuesday,3,12,December,2017,false
20171220,2017-12-20,20,Wednesday,4,12,December,2017,false
20171221,2017-12-21,21,Thursday,5,12,December,2017,false
20171222,2017-12-22,22,Friday,6,12,December,2017,false
20171223,2017-12-23,23,Saturday,7,12,December,2017,true
20171224,2017-12-24,24,Sunday,1,12,December,2017,true
20171225,2017-12-25,25,Monday,2,12,December,2017,false
20171226,2017-12-26,26,Tuesday,3,12,December,2017,false
20171227,2017-12-27,27,Wednesday,4,12,December,2017,false
20171228,2017-12-28,28,Thursday,5,12,December,2017,false
20171229,2017-12-29,29,Friday,6,12,December,2017,false
20171230,2017-12-30,30,Saturday,7,12,December,2017,true
20171231,2017-12-31,31,Sunday,1,12,December,2017,true
20180101,2018-01-01,1,Monday,2,1,January,2018,false
20180102,2018-01-02,2,Tuesday,3,1,January,2018,false
20180103,2018-01-03,3,Wednesday,4,1,January,2018,false
20180104,2018-01-04,4,Thursday,5,1,January,2018,false
20180105,2018-01-05,5,Friday,6,1,January,2018,false
20180106,2018-01-06,6,Saturday,7,1,January,2018,true
20180107,2018-01-07,7,Sunday,1,1,January,2018,true
20180108,2018-01-08,8,Monday,2,1,January,2018,false
20180109,2018-01-09,9,Tuesday,3,1,January,2018,false
20180110,2018-01-10,10,Wednesday,4,1,January,2018,false
20180111,2018-01-11,11,Thursday,5,1,January,2018,false
20180112,2018-01-12,12,Friday,6,1,January,2018,false
20180113,2018-01-13,13,Saturday,7,1,January,2018,true
20180114,2018-01-14,14,Sunday,1,1,January,2018,true
20180115,2018-01-15,15,Monday,2,1,January,2018,false
20180116,2018-01-16,16,Tuesday,3,1,January,2018,false
20180117,2018-01-17,17,Wednesday,4,1,January,2018,false
20180118,2018-01-18,18,Thursday,5,1,January,2018,false
20180119,2018-01-19,19,Friday,6,1,January,2018,false
20180120,2018-01-20,20,Saturday,7,1,January,2018,true
20180121,2018-01-21,21,Sunday,1,1,January,2018,true
20180122,2018-01-22,22,Monday,2,1,January,2018,false
20180123,2018-01-23,23,Tuesday,3,1,January,2018,false
20180124,2018-01-24,24,Wednesday,4,1,January,2018,false
20180125,2018-01-25,25,Thursday,5,1,January,2018,false
20180126,2018-01-26,26,Friday,6,1,January,2018,false
20180127,2018-01-27,27,Saturday,7,1,January,2018,true
20180128,2018-01-28,28,Sunday,1,1,January,2018,true
20180129,2018-01-29,29,Monday,2,1,January,2018,false
20180130,2018-01-30,30,Tuesday,3,1,January,2018,false
20180131,2018-01-31,31,Wednesday,4,1,January,2018,false
20180201,2018-02-01,1,Thursday,5,2,February,2018,false
20180202,2018-02-02,2,Friday,6,2,February,2018,false
20180203,2018-02-03,3,Saturday,7,2,February,2018,true
20180204,2018-02-04,4,Sunday,1,2,February,2018,true
20180205,2018-02-05,5,Monday,2,2,February,2018,false
20180206,2018-02-06,6,Tuesday,3,2,February,2018,false
20180207,2018-02-07,7,Wednesday,4,2,February,2018,false
20180208,2018-02-08,8,Thursday,5,2,February,2018,false
20180209,2018-02-09,9,Friday,6,2,February,2018,false
20180210,2018-02-10,10,Saturday,7,2,February,2018,true
20180211,2018-02-11,11,Sunday,1,2,February,2018,true
20180212,2018-02-12,12,Monday,2,2,February,2018,false
20180213,2018-02-13,13,Tuesday,3,2,February,2018,false
20180214,2018-02-14,14,Wednesday,4,2,February,2018,false
20180215,2018-02-15,15,Thursday,5,2,February,2018,false
20180216,2018-02-16,16,Friday,6,2,February,2018,false
20180217,2018-02-17,17,Saturday,7,2,February,2018,true
20180218,2018-02-18,18,Sunday,1,2,February,2018,true
20180219,2018-02-19,19,Monday,2,2,February,2018,false
20180220,2018-02-20,20,Tuesday,3,2,February,2018,false
20180221,2018-02-21,21,Wednesday,4,2,February,2018,false
20180222,2018-02-22,22,Thursday,5,2,February,2018,false
20180223,2018-02-23,23,Friday,6,2,February,2018,false
20180224,2018-02-24,24,Saturday,7,2,February,2018,true
20180225,2018-02-25,25,Sunday,1,2,February,2018,true
20180226,2018-02-26,26,Monday,2,2,February,2018,false
20180227,2018-02-27,27,Tuesday,3,2,February,2018,false
20180228,2018-02-28,28,Wednesday,4,2,February,2018,false
20180301,2018-03-01,1,Thursday,5,3,March,2018,false
20180302,2018-03-02,2,Friday,6,3,March,2018,false
20180303,2018-03-03,3,Saturday,7,3,March,2018,true
20180304,2018-03-04,4,Sunday,1,3,March,2018,true
20180305,2018-03-05,5,Monday,2,3,March,2018,false
20180306,2018-03-06,6,Tuesday,3,3,March,2018,false
20180307,2018-03-07,7,Wednesday,4,3,March,2018,false
20180308,2018-03-08,8,Thursday,5,3,March,2018,false
20180309,2018-03-09,9,Friday,6,3,March,2018,false
20180310,2018-03-10,10,Saturday,7,3,March,2018,true
20180311,2018-03-11,11,Sunday,1,3,March,2018,true
20180312,2018-03-12,12,Monday,2,3,March,2018,false
20180313,2018-03-13,13,Tuesday,3,3,March,2018,false
20180314,2018-03-14,14,Wednesday,4,3,March,2018,false
20180315,2018-03-15,15,Thursday,5,3,March,2018,false
20180316,2018-03-16,16,Friday,6,3,March,2018,false
20180317,2018-03-17,17,Saturday,7,3,March,2018,true
20180318,2018-03-18,18,Sunday,1,3,March,2018,true
20180319,2018-03-19,19,Monday,2,3,March,2018,false
20180320,2018-03-20,20,Tuesday,3,3,March,2018,false
20180321,2018-03-21,21,Wednesday,4,3,March,2018,false
20180322,2018-03-22,22,Thursday,5,3,March,2018,false
20180323,2018-03-23,23,Friday,6,3,March,2018,false
20180324,2018-03-24,24,Saturday,7,3,March,2018,true
20180325,2018-03-25,25,Sunday,1,3,March,2018,true
20180326,2018-03-26,26,Monday,2,3,March,2018,false
20180327,2018-03-27,27,Tuesday,3,3,March,2018,false
20180328,2018-03-28,28,Wednesday,4,3,March,2018,false
20180329,2018-03-29,29,Thursday,5,3,March,2018,false
20180330,2018-03-30,30,Friday,6,3,March,2018,false
20180331,2018-03-31,31,Saturday,7,3,March,2018,true
20180401,2018-04-01,1,Sunday,1,4,April,2018,true
20180402,2018-04-02,2,Monday,2,4,April,2018,false
20180403,2018-04-03,3,Tuesday,3,4,April,2018,false
20180404,2018-04-04,4,Wednesday,4,4,April,2018,false
20180405,2018-04-05,5,Thursday,5,4,April,2018,false
20180406,2018-04-06,6,Friday,6,4,April,2018,false
20180407,2018-04-07,7,Saturday,7,4,April,2018,true
20180408,2018-04-08,8,Sunday,1,4,April,2018,true
20180409,2018-04-09,9,Monday,2,4,April,2018,false
20180410,2018-04-10,10,Tuesday,3,4,April,2018,false
20180411,2018-04-11,11,Wednesday,4,4,April,2018,false
20180412,2018-04-12,12,Thursday,5,4,April,2018,false
20180413,2018-04-13,13,Friday,6,4,April,2018,false
20180414,2018-04-14,14,Saturday,7,4,April,2018,true
20180415,2018-04-15,15,Sunday,1,4,April,2018,true
20180416,2018-04-16,16,Monday,2,4,April,2018,false
20180417,2018-04-17,17,Tuesday,3,4,April,2018,false
20180418,2018-04-18,18,Wednesday,4,4,April,2018,false
20180419,2018-04-19,19,Thursday,5,4,April,2018,false
20180420,2018-04-20,20,Friday,6,4,April,2018,false
20180421,2018-04-21,21,Saturday,7,4,April,2018,true
20180422,2018-04-22,22,Sunday,1,4,April,2018,true
20180423,2018-04-23,23,Monday,2,4,April,2018,false
20180424,2018-04-24,24,Tuesday,3,4,April,2018,false
20180425,2018-04-25,25,Wednesday,4,4,April,2018,false
20180426,2018-04-26,26,Thursday,5,4,April,2018,false
20180427,2018-04-27,27,Friday,6,4,April,2018,false
20180428,2018-04-28,28,Saturday,7,4,April,2018,true
20180429,2018-04-29,29,Sunday,1,4,April,2018,true
20180430,2018-04-30,30,Monday,2,4,April,2018,false
20180501,2018-05-01,1,Tuesday,3,5,May,2018,false
20180502,2018-05-02,2,Wednesday,4,5,May,2018,false
20180503,2018-05-03,3,Thursday,5,5,May,2018,false
20180504,2018-05-04,4,Friday,6,5,May,2018,false
20180505,2018-05-05,5,Saturday,7,5,May,2018,true
20180506,2018-05-06,6,Sunday,1,5,May,2018,true
20180507,2018-05-07,7,Monday,2,5,May,2018,false
20180508,2018-05-08,8,Tuesday,3,5,May,2018,false
20180509,2018-05-09,9,Wednesday,4,5,May,2018,false
20180510,2018-05-10,10,Thursday,5,5,May,2018,false
20180511,2018-05-11,11,Friday,6,5,May,2018,false
20180512,2018-05-12,12,Saturday,7,5,May,2018,true
20180513,2018-05-13,13,Sunday,1,5,May,2018,true
20180514,2018-05-14,14,Monday,2,5,May,2018,false
20180515,2018-05-15,15,Tuesday,3,5,May,2018,false
20180516,2018-05-16,16,Wednesday,4,5,May,2018,false
20180517,2018-05-17,17,Thursday,5,5,May,2018,false
20180518,2018-05-18,18,Friday,6,5,May,2018,false
20180519,2018-05-19,19,Saturday,7,5,May,2018,true
20180520,2018-05-20,20,Sunday,1,5,May,2018,true
20180521,2018-05-21,21,Monday,2,5,May,2018,false
20180522,2018-05-22,22,Tuesday,3,5,May,2018,false
20180523,2018-05-23,23,Wednesday,4,5,May,2018,false
20180524,2018-05-24,24,Thursday,5,5,May,2018,false
20180525,2018-05-25,25,Friday,6,5,May,2018,false
20180526,2018-05-26,26,Saturday,7,5,May,2018,true
20180527,2018-05-27,27,Sunday,1,5,May,2018,true
20180528,2018-05-28,28,Monday,2,5,May,2018,false
20180529,2018-05-29,29,Tuesday,3,5,May,2018,false
20180530,2018-05-30,30,Wednesday,4,5,May,2018,false
20180531,2018-05-31,31,Thursday,5,5,May,2018,false
20180601,2018-06-01,1,Friday,6,6,June,2018,false
20180602,2018-06-02,2,Saturday,7,6,June,2018,true
20180603,2018-06-03,3,Sunday,1,6,June,2018,true
20180604,2018-06-04,4,Monday,2,6,June,2018,false
20180605,2018-06-05,5,Tuesday,3,6,June,2018,false
20180606,2018-06-06,6,Wednesday,4,6,June,2018,false
20180607,2018-06-07,7,Thursday,5,6,June,2018,false
20180608,2018-06-08,8,Friday,6,6,June,2018,false
20180609,2018-06-09,9,Saturday,7,6,June,2018,true
20180610,2018-06-10,10,Sunday,1,6,June,2018,true
20180611,2018-06-11,11,Monday,2,6,June,2018,false
20180612,2018-06-12,12,Tuesday,3,6,June,2018,false
20180613,2018-06-13,13,Wednesday,4,6,June,2018,false
20180614,2018-06-14,14,Thursday,5,6,June,2018,false
20180615,2018-06-15,15,Friday,6,6,June,2018,false
20180616,2018-06-16,16,Saturday,7,6,June,2018,true
20180617,2018-06-17,17,Sunday,1,6,June,2018,true
20180618,2018-06-18,18,Monday,2,6,June,2018,false
20180619,2018-06-19,19,Tuesday,3,6,June,2018,false
20180620,2018-06-20,20,Wednesday,4,6,June,2018,false
20180621,2018-06-21,21,Thursday,5,6,June,2018,false
20180622,2018-06-22,22,Friday,6,6,June,2018,false
20180623,2018-06-23,23,Saturday,7,6,June,2018,true
20180624,2018-06-24,24,Sunday,1,6,June,2018,true
20180625,2018-06-25,25,Monday,2,6,June,2018,false
20180626,2018-06-26,26,Tuesday,3,6,June,2018,false
20180627,2018-06-27,27,Wednesday,4,6,June,2018,false
20180628,2018-06-28,28,Thursday,5,6,June,2018,false
20180629,2018-06-29,29,Friday,6,6,June,2018,false
20180630,2018-06-30,30,Saturday,7,6,June,2018,true
20180701,2018-07-01,1,Sunday,1,7,July,2018,true
20180702,2018-07-02,2,Monday,2,7,July,2018,false
20180703,2018-07-03,3,Tuesday,3,7,July,2018,false
20180704,2018-07-04,4,Wednesday,4,7,July,2018,false
20180705,2018-07-05,5,Thursday,5,7,July,2018,false
20180706,2018-07-06,6,Friday,6,7,July,2018,false
20180707,2018-07-07,7,Saturday,7,7,July,2018,true
20180708,2018-07-08,8,Sunday,1,7,July,2018,true
20180709,2018-07-09,9,Monday,2,7,July,2018,false
20180710,2018-07-10,10,Tuesday,3,7,July,2018,false
20180711,2018-07-11,11,Wednesday,4,7,July,2018,false
20180712,2018-07-12,12,Thursday,5,7,July,2018,false
20180713,2018-07-13,13,Friday,6,7,July,2018,false
20180714,2018-07-14,14,Saturday,7,7,July,2018,true
20180715,2018-07-15,15,Sunday,1,7,July,2018,true
20180716,2018-07-16,16,Monday,2,7,July,2018,false
20180717,2018-07-17,17,Tuesday,3,7,July,2018,false
20180718,2018-07-18,18,Wednesday,4,7,July,2018,false
20180719,2018-07-19,19,Thursday,5,7,July,2018,false
20180720,2018-07-20,20,Friday,6,7,July,2018,false
20180721,2018-07-21,21,Saturday,7,7,July,2018,true
20180722,2018-07-22,22,Sunday,1,7,July,2018,true
20180723,2018-07-23,23,Monday,2,7,July,2018,false
20180724,2018-07-24,24,Tuesday,3,7,July,2018,false
20180725,2018-07-25,25,Wednesday,4,7,July,2018,false
20180726,2018-07-26,26,Thursday,5,7,July,2018,false
20180727,2018-07-27,27,Friday,6,7,July,2018,false
20180728,2018-07-28,28,Saturday,7,7,July,2018,true
20180729,2018-07-29,29,Sunday,1,7,July,2018,true
20180730,2018-07-30,30,Monday,2,7,July,2018,false
20180731,2018-07-31,31,Tuesday,3,7,July,2018,false
20180801,2018-08-01,1,Wednesday,4,8,August,2018,false
20180802,2018-08-02,2,Thursday,5,8,August,2018,false
20180803,2018-08-03,3,Friday,6,8,August,2018,false
20180804,2018-08-04,4,Saturday,7,8,August,2018,true
20180805,2018-08-05,5,Sunday,1,8,August,2018,true
20180806,2018-08-06,6,Monday,2,8,August,2018,false
20180807,2018-08-07,7,Tuesday,3,8,August,2018,false
20180808,2018-08-08,8,Wednesday,4,8,August,2018,false
20180809,2018-08-09,9,Thursday,5,8,August,2018,false
20180810,2018-08-10,10,Friday,6,8,August,2018,false
20180811,2018-08-11,11,Saturday,7,8,August,2018,true
20180812,2018-08-12,12,Sunday,1,8,August,2018,true
20180813,2018-08-13,13,Monday,2,8,August,2018,false
20180814,2018-08-14,14,Tuesday,3,8,August,2018,false
20180815,2018-08-15,15,Wednesday,4,8,August,2018,false
20180816,2018-08-16,16,Thursday,5,8,August,2018,false
20180817,2018-08-17,17,Friday,6,8,August,2018,false
20180818,2018-08-18,18,Saturday,7,8,August,2018,true
20180819,2018-08-19,19,Sunday,1,8,August,2018,true
20180820,2018-08-20,20,Monday,2,8,August,2018,false
20180821,2018-08-21,21,Tuesday,3,8,August,2018,false
20180822,2018-08-22,22,Wednesday,4,8,August,2018,false
20180823,2018-08-23,23,Thursday,5,8,August,2018,false
20180824,2018-08-24,24,Friday,6,8,August,2018,false
20180825,2018-08-25,25,Saturday,7,8,August,2018,true
20180826,2018-08-26,26,Sunday,1,8,August,2018,true
20180827,2018-08-27,27,Monday,2,8,August,2018,false
20180828,2018-08-28,28,Tuesday,3,8,August,2018,false
20180829,2018-08-29,29,Wednesday,4,8,August,2018,false
20180830,2018-08-30,30,Thursday,5,8,August,2018,false
20180831,2018-08-31,31,Friday,6,8,August,2018,false
20180901,2018-09-01,1,Saturday,7,9,September,2018,true
20180902,2018-09-02,2,Sunday,1,9,September,2018,true
20180903,2018-09-03,3,Monday,2,9,September,2018,false
20180904,2018-09-04,4,Tuesday,3,9,September,2018,false
20180905,2018-09-05,5,Wednesday,4,9,September,2018,false
20180906,2018-09-06,6,Thursday,5,9,September,2018,false
20180907,2018-09-07,7,Friday,6,9,September,2018,false
20180908,2018-09-08,8,Saturday,7,9,September,2018,true
20180909,2018-09-09,9,Sunday,1,9,September,2018,true
20180910,2018-09-10,10,Monday,2,9,September,2018,false
20180911,2018-09-11,11,Tuesday,3,9,September,2018,false
20180912,2018-09-12,12,Wednesday,4,9,September,2018,false
20180913,2018-09-13,13,Thursday,5,9,September,2018,false
20180914,2018-09-14,14,Friday,6,9,September,2018,false
20180915,2018-09-15,15,Saturday,7,9,September,2018,true
20180916,2018-09-16,16,Sunday,1,9,September,2018,true
20180917,2018-09-17,17,Monday,2,9,September,2018,false
20180918,2018-09-18,18,Tuesday,3,9,September,2018,false
20180919,2018-09-19,19,Wednesday,4,9,September,2018,false
20180920,2018-09-20,20,Thursday,5,9,September,2018,false
20180921,2018-09-21,21,Friday,6,9,September,2018,false
20180922,2018-09-22,22,Saturday,7,9,September,2018,true
20180923,2018-09-23,23,Sunday,1,9,September,2018,true
20180924,2018-09-24,24,Monday,2,9,September,2018,false
20180925,2018-09-25,25,Tuesday,3,9,September,2018,false
20180926,2018-09-26,26,Wednesday,4,9,September,2018,false
20180927,2018-09-27,27,Thursday,5,9,September,2018,false
20180928,2018-09-28,28,Friday,6,9,September,2018,false
20180929,2018-09-29,29,Saturday,7,9,September,2018,true
20180930,2018-09-30,30,Sunday,1,9,September,2018,true
20181001,2018-10-01,1,Monday,2,10,October,2018,false
20181002,2018-10-02,2,Tuesday,3,10,October,2018,false
20181003,2018-10-03,3,Wednesday,4,10,October,2018,false
20181004,2018-10-04,4,Thursday,5,10,October,2018,false
20181005,2018-10-05,5,Friday,6,10,October,2018,false
20181006,2018-10-06,6,Saturday,7,10,October,2018,true
20181007,2018-10-07,7,Sunday,1,10,October,2018,true
20181008,2018-10-08,8,Monday,2,10,October,2018,false
20181009,2018-10-09,9,Tuesday,3,10,October,2018,false
20181010,2018-10-10,10,Wednesday,4,10,October,2018,false
20181011,2018-10-11,11,Thursday,5,10,October,2018,false
20181012,2018-10-12,12,Friday,6,10,October,2018,false
20181013,2018-10-13,13,Saturday,7,10,October,2018,true
20181014,2018-10-14,14,Sunday,1,10,October,2018,true
20181015,2018-10-15,15,Monday,2,10,October,2018,false
20181016,2018-10-16,16,Tuesday,3,10,October,2018,false
20181017,2018-10-17,17,Wednesday,4,10,October,2018,false
20181018,2018-10-18,18,Thursday,5,10,October,2018,false
20181019,2018-10-19,19,Friday,6,10,October,2018,false
20181020,2018-10-20,20,Saturday,7,10,October,2018,true
20181021,2018-10-21,21,Sunday,1,10,October,2018,true
20181022,2018-10-22,22,Monday,2,10,October,2018,false
20181023,2018-10-23,23,Tuesday,3,10,October,2018,false
20181024,2018-10-24,24,Wednesday,4,10,October,2018,false
20181025,2018-10-25,25,Thursday,5,10,October,2018,false
20181026,2018-10-26,26,Friday,6,10,October,2018,false
20181027,2018-10-27,27,Saturday,7,10,October,2018,true
20181028,2018-10-28,28,Sunday,1,10,October,2018,true
20181029,2018-10-29,29,Monday,2,10,October,2018,false
20181030,2018-10-30,30,Tuesday,3,10,October,2018,false
20181031,2018-10-31,31,Wednesday,4,10,October,2018,false
20181101,2018-11-01,1,Thursday,5,11,November,2018,false
20181102,2018-11-02,2,Friday,6,11,November,2018,false
20181103,2018-11-03,3,Saturday,7,11,November,2018,true
20181104,2018-11-04,4,Sunday,1,11,November,2018,true
20181105,2018-11-05,5,Monday,2,11,November,2018,false
20181106,2018-11-06,6,Tuesday,3,11,November,2018,false
20181107,2018-11-07,7,Wednesday,4,11,November,2018,false
20181108,2018-11-08,8,Thursday,5,11,November,2018,false
20181109,2018-11-09,9,Friday,6,11,November,2018,false
20181110,2018-11-10,10,Saturday,7,11,November,2018,true
20181111,2018-11-11,11,Sunday,1,11,November,2018,true
20181112,2018-11-12,12,Monday,2,11,November,2018,false
20181113,2018-11-13,13,Tuesday,3,11,November,2018,false
20181114,2018-11-14,14,Wednesday,4,11,November,2018,false
20181115,2018-11-15,15,Thursday,5,11,November,2018,false
20181116,2018-11-16,16,Friday,6,11,November,2018,false
20181117,2018-11-17,17,Saturday,7,11,November,2018,true
20181118,2018-11-18,18,Sunday,1,11,November,2018,true
20181119,2018-11-19,19,Monday,2,11,November,2018,false
20181120,2018-11-20,20,Tuesday,3,11,November,2018,false
20181121,2018-11-21,21,Wednesday,4,11,November,2018,false
20181122,2018-11-22,22,Thursday,5,11,November,2018,false
20181123,2018-11-23,23,Friday,6,11,November,2018,false
20181124,2018-11-24,24,Saturday,7,11,November,2018,true
20181125,2018-11-25,25,Sunday,1,11,November,2018,true
20181126,2018-11-26,26,Monday,2,11,November,2018,false
20181127,2018-11-27,27,Tuesday,3,11,November,2018,false
20181128,2018-11-28,28,Wednesday,4,11,November,2018,false
20181129,2018-11-29,29,Thursday,5,11,November,2018,false
20181130,2018-11-30,30,Friday,6,11,November,2018,false
20181201,2018-12-01,1,Saturday,7,12,December,2018,true
20181202,2018-12-02,2,Sunday,1,12,December,2018,true
20181203,2018-12-03,3,Monday,2,12,December,2018,false
20181204,2018-12-04,4,Tuesday,3,12,December,2018,false
20181205,2018-12-05,5,Wednesday,4,12,December,2018,false
20181206,2018-12-06,6,Thursday,5,12,December,2018,false
20181207,2018-12-07,7,Friday,6,12,December,2018,false
20181208,2018-12-08,8,Saturday,7,12,December,2018,true
20181209,2018-12-09,9,Sunday,1,12,December,2018,true
20181210,2018-12-10,10,Monday,2,12,December,2018,false
20181211,2018-12-11,11,Tuesday,3,12,December,2018,false
20181212,2018-12-12,12,Wednesday,4,12,December,2018,false
20181213,2018-12-13,13,Thursday,5,12,December,2018,false
20181214,2018-12-14,14,Friday,6,12,December,2018,false
20181215,2018-12-15,15,Saturday,7,12,December,2018,true
20181216,2018-12-16,16,Sunday,1,12,December,2018,true
20181217,2018-12-17,17,Monday,2,12,December,2018,false
20181218,2018-12-18,18,Tuesday,3,12,December,2018,false
20181219,2018-12-19,19,Wednesday,4,12,December,2018,false
20181220,2018-12-20,20,Thursday,5,12,December,2018,false
20181221,2018-12-21,21,Friday,6,12,December,2018,false
20181222,2018-12-22,22,Saturday,7,12,December,2018,true
20181223,2018-12-23,23,Sunday,1,12,December,2018,true
20181224,2018-12-24,24,Monday,2,12,December,2018,false
20181225,2018-12-25,25,Tuesday,3,12,December,2018,false
20181226,2018-12-26,26,Wednesday,4,12,December,2018,false
20181227,2018-12-27,27,Thursday,5,12,December,2018,false
20181228,2018-12-28,28,Friday,6,12,December,2018,false
20181229,2018-12-29,29,Saturday,7,12,December,2018,true
20181230,2018-12-30,30,Sunday,1,12,December,2018,true
20181231,2018-12-31,31,Monday,2,12,December,2018,false
20190101,2019-01-01,1,Tuesday,3,1,January,2019,false
20190102,2019-01-02,2,Wednesday,4,1,January,2019,false
20190103,2019-01-03,3,Thursday,5,1,January,2019,false
20190104,2019-01-04,4,Friday,6,1,January,2019,false
20190105,2019-01-05,5,Saturday,7,1,January,2019,true
20190106,2019-01-06,6,Sunday,1,1,January,2019,true
20190107,2019-01-07,7,Monday,2,1,January,2019,false
20190108,2019-01-08,8,Tuesday,3,1,January,2019,false
20190109,2019-01-09,9,Wednesday,4,1,January,2019,false
20190110,2019-01-10,10,Thursday,5,1,January,2019,false
20190111,2019-01-11,11,Friday,6,1,January,2019,false
20190112,2019-01-12,12,Saturday,7,1,January,2019,true
20190113,2019-01-13,13,Sunday,1,1,January,2019,true
20190114,2019-01-14,14,Monday,2,1,January,2019,false
20190115,2019-01-15,15,Tuesday,3,1,January,2019,false
20190116,2019-01-16,16,Wednesday,4,1,January,2019,false
20190117,2019-01-17,17,Thursday,5,1,January,2019,false
20190118,2019-01-18,18,Friday,6,1,January,2019,false
20190119,2019-01-19,19,Saturday,7,1,January,2019,true
20190120,2019-01-20,20,Sunday,1,1,January,2019,true
20190121,2019-01-21,21,Monday,2,1,January,2019,false
20190122,2019-01-22,22,Tuesday,3,1,January,2019,false
20190123,2019-01-23,23,Wednesday,4,1,January,2019,false
20190124,2019-01-24,24,Thursday,5,1,January,2019,false
20190125,2019-01-25,25,Friday,6,1,January,2019,false
20190126,2019-01-26,26,Saturday,7,1,January,2019,true
20190127,2019-01-27,27,Sunday,1,1,January,2019,true
20190128,2019-01-28,28,Monday,2,1,January,2019,false
20190129,2019-01-29,29,Tuesday,3,1,January,2019,false
20190130,2019-01-30,30,Wednesday,4,1,January,2019,false
20190131,2019-01-31,31,Thursday,5,1,January,2019,false
20190201,2019-02-01,1,Friday,6,2,February,2019,false
20190202,2019-02-02,2,Saturday,7,2,February,2019,true
20190203,2019-02-03,3,Sunday,1,2,February,2019,true
20190204,2019-02-04,4,Monday,2,2,February,2019,false
20190205,2019-02-05,5,Tuesday,3,2,February,2019,false
20190206,2019-02-06,6,Wednesday,4,2,February,2019,false
20190207,2019-02-07,7,Thursday,5,2,February,2019,false
20190208,2019-02-08,8,Friday,6,2,February,2019,false
20190209,2019-02-09,9,Saturday,7,2,February,2019,true
20190210,2019-02-10,10,Sunday,1,2,February,2019,true
20190211,2019-02-11,11,Monday,2,2,February,2019,false
20190212,2019-02-12,12,Tuesday,3,2,February,2019,false
20190213,2019-02-13,13,Wednesday,4,2,February,2019,false
20190214,2019-02-14,14,Thursday,5,2,February,2019,false
20190215,2019-02-15,15,Friday,6,2,February,2019,false
20190216,2019-02-16,16,Saturday,7,2,February,2019,true
20190217,2019-02-17,17,Sunday,1,2,February,2019,true
20190218,2019-02-18,18,Monday,2,2,February,2019,false
20190219,2019-02-19,19,Tuesday,3,2,February,2019,false
20190220,2019-02-20,20,Wednesday,4,2,February,2019,false
20190221,2019-02-21,21,Thursday,5,2,February,2019,false
20190222,2019-02-22,22,Friday,6,2,February,2019,false
20190223,2019-02-23,23,Saturday,7,2,February,2019,true
20190224,2019-02-24,24,Sunday,1,2,February,2019,true
20190225,2019-02-25,25,Monday,2,2,February,2019,false
20190226,2019-02-26,26,Tuesday,3,2,February,2019,false
20190227,2019-02-27,27,Wednesday,4,2,February,2019,false
20190228,2019-02-28,28,Thursday,5,2,February,2019,false
20190301,2019-03-01,1,Friday,6,3,March,2019,false
20190302,2019-03-02,2,Saturday,7,3,March,2019,true
20190303,2019-03-03,3,Sunday,1,3,March,2019,true
20190304,2019-03-04,4,Monday,2,3,March,2019,false
20190305,2019-03-05,5,Tuesday,3,3,March,2019,false
20190306,2019-03-06,6,Wednesday,4,3,March,2019,false
20190307,2019-03-07,7,Thursday,5,3,March,2019,false
20190308,2019-03-08,8,Friday,6,3,March,2019,false
20190309,2019-03-09,9,Saturday,7,3,March,2019,true
20190310,2019-03-10,10,Sunday,1,3,March,2019,true
20190311,2019-03-11,11,Monday,2,3,March,2019,false
20190312,2019-03-12,12,Tuesday,3,3,March,2019,false
20190313,2019-03-13,13,Wednesday,4,3,March,2019,false
20190314,2019-03-14,14,Thursday,5,3,March,2019,false
20190315,2019-03-15,15,Friday,6,3,March,2019,false
20190316,2019-03-16,16,Saturday,7,3,March,2019,true
20190317,2019-03-17,17,Sunday,1,3,March,2019,true
20190318,2019-03-18,18,Monday,2,3,March,2019,false
20190319,2019-03-19,19,Tuesday,3,3,March,2019,false
20190320,2019-03-20,20,Wednesday,4,3,March,2019,false
20190321,2019-03-21,21,Thursday,5,3,March,2019,false
20190322,2019-03-22,22,Friday,6,3,March,2019,false
20190323,2019-03-23,23,Saturday,7,3,March,2019,true
20190324,2019-03-24,24,Sunday,1,3,March,2019,true
20190325,2019-03-25,25,Monday,2,3,March,2019,false
20190326,2019-03-26,26,Tuesday,3,3,March,2019,false
20190327,2019-03-27,27,Wednesday,4,3,March,2019,false
20190328,2019-03-28,28,Thursday,5,3,March,2019,false
20190329,2019-03-29,29,Friday,6,3,March,2019,false
20190330,2019-03-30,30,Saturday,7,3,March,2019,true
20190331,2019-03-31,31,Sunday,1,3,March,2019,true
20190401,2019-04-01,1,Monday,2,4,April,2019,false
20190402,2019-04-02,2,Tuesday,3,4,April,2019,false
20190403,2019-04-03,3,Wednesday,4,4,April,2019,false
20190404,2019-04-04,4,Thursday,5,4,April,2019,false
20190405,2019-04-05,5,Friday,6,4,April,2019,false
20190406,2019-04-06,6,Saturday,7,4,April,2019,true
20190407,2019-04-07,7,Sunday,1,4,April,2019,true
20190408,2019-04-08,8,Monday,2,4,April,2019,false
20190409,2019-04-09,9,Tuesday,3,4,April,2019,false
20190410,2019-04-10,10,Wednesday,4,4,April,2019,false
20190411,2019-04-11,11,Thursday,5,4,April,2019,false
20190412,2019-04-12,12,Friday,6,4,April,2019,false
20190413,2019-04-13,13,Saturday,7,4,April,2019,true
20190414,2019-04-14,14,Sunday,1,4,April,2019,true
20190415,2019-04-15,15,Monday,2,4,April,2019,false
20190416,2019-04-16,16,Tuesday,3,4,April,2019,false
20190417,2019-04-17,17,Wednesday,4,4,April,2019,false
20190418,2019-04-18,18,Thursday,5,4,April,2019,false
20190419,2019-04-19,19,Friday,6,4,April,2019,false
20190420,2019-04-20,20,Saturday,7,4,April,2019,true
20190421,2019-04-21,21,Sunday,1,4,April,2019,true
20190422,2019-04-22,22,Monday,2,4,April,2019,false
20190423,2019-04-23,23,Tuesday,3,4,April,2019,false
20190424,2019-04-24,24,Wednesday,4,4,April,2019,false
20190425,2019-04-25,25,Thursday,5,4,April,2019,false
20190426,2019-04-26,26,Friday,6,4,April,2019,false
20190427,2019-04-27,27,Saturday,7,4,April,2019,true
20190428,2019-04-28,28,Sunday,1,4,April,2019,true
20190429,2019-04-29,29,Monday,2,4,April,2019,false
20190430,2019-04-30,30,Tuesday,3,4,April,2019,false
20190501,2019-05-01,1,Wednesday,4,5,May,2019,false
20190502,2019-05-02,2,Thursday,5,5,May,2019,false
20190503,2019-05-03,3,Friday,6,5,May,2019,false
20190504,2019-05-04,4,Saturday,7,5,May,2019,true
20190505,2019-05-05,5,Sunday,1,5,May,2019,true
20190506,2019-05-06,6,Monday,2,5,May,2019,false
20190507,2019-05-07,7,Tuesday,3,5,May,2019,false
20190508,2019-05-08,8,Wednesday,4,5,May,2019,false
20190509,2019-05-09,9,Thursday,5,5,May,2019,false
20190510,2019-05-10,10,Friday,6,5,May,2019,false
20190511,2019-05-11,11,Saturday,7,5,May,2019,true
20190512,2019-05-12,12,Sunday,1,5,May,2019,true
20190513,2019-05-13,13,Monday,2,5,May,2019,false
20190514,2019-05-14,14,Tuesday,3,5,May,2019,false
20190515,2019-05-15,15,Wednesday,4,5,May,2019,false
20190516,2019-05-16,16,Thursday,5,5,May,2019,false
20190517,2019-05-17,17,Friday,6,5,May,2019,false
20190518,2019-05-18,18,Saturday,7,5,May,2019,true
20190519,2019-05-19,19,Sunday,1,5,May,2019,true
20190520,2019-05-20,20,Monday,2,5,May,2019,false
20190521,2019-05-21,21,Tuesday,3,5,May,2019,false
20190522,2019-05-22,22,Wednesday,4,5,May,2019,false
20190523,2019-05-23,23,Thursday,5,5,May,2019,false
20190524,2019-05-24,24,Friday,6,5,May,2019,false
20190525,2019-05-25,25,Saturday,7,5,May,2019,true
20190526,2019-05-26,26,Sunday,1,5,May,2019,true
20190527,2019-05-27,27,Monday,2,5,May,2019,false
20190528,2019-05-28,28,Tuesday,3,5,May,2019,false
20190529,2019-05-29,29,Wednesday,4,5,May,2019,false
20190530,2019-05-30,30,Thursday,5,5,May,2019,false
20190531,2019-05-31,31,Friday,6,5,May,2019,false
20190601,2019-06-01,1,Saturday,7,6,June,2019,true
20190602,2019-06-02,2,Sunday,1,6,June,2019,true
20190603,2019-06-03,3,Monday,2,6,June,2019,false
20190604,2019-06-04,4,Tuesday,3,6,June,2019,false
20190605,2019-06-05,5,Wednesday,4,6,June,2019,false
20190606,2019-06-06,6,Thursday,5,6,June,2019,false
20190607,2019-06-07,7,Friday,6,6,June,2019,false
20190608,2019-06-08,8,Saturday,7,6,June,2019,true
20190609,2019-06-09,9,Sunday,1,6,June,2019,true
20190610,2019-06-10,10,Monday,2,6,June,2019,false
20190611,2019-06-11,11,Tuesday,3,6,June,2019,false
20190612,2019-06-12,12,Wednesday,4,6,June,2019,false
20190613,2019-06-13,13,Thursday,5,6,June,2019,false
20190614,2019-06-14,14,Friday,6,6,June,2019,false
20190615,2019-06-15,15,Saturday,7,6,June,2019,true
20190616,2019-06-16,16,Sunday,1,6,June,2019,true
20190617,2019-06-17,17,Monday,2,6,June,2019,false
20190618,2019-06-18,18,Tuesday,3,6,June,2019,false
20190619,2019-06-19,19,Wednesday,4,6,June,2019,false
20190620,2019-06-20,20,Thursday,5,6,June,2019,false
20190621,2019-06-21,21,Friday,6,6,June,2019,false
20190622,2019-06-22,22,Saturday,7,6,June,2019,true
20190623,2019-06-23,23,Sunday,1,6,June,2019,true
20190624,2019-06-24,24,Monday,2,6,June,2019,false
20190625,2019-06-25,25,Tuesday,3,6,June,2019,false
20190626,2019-06-26,26,Wednesday,4,6,June,2019,false
20190627,2019-06-27,27,Thursday,5,6,June,2019,false
20190628,2019-06-28,28,Friday,6,6,June,2019,false
20190629,2019-06-29,29,Saturday,7,6,June,2019,true
20190630,2019-06-30,30,Sunday,1,6,June,2019,true
20190701,2019-07-01,1,Monday,2,7,July,2019,false
20190702,2019-07-02,2,Tuesday,3,7,July,2019,false
20190703,2019-07-03,3,Wednesday,4,7,July,2019,false
20190704,2019-07-04,4,Thursday,5,7,July,2019,false
20190705,2019-07-05,5,Friday,6,7,July,2019,false
20190706,2019-07-06,6,Saturday,7,7,July,2019,true
20190707,2019-07-07,7,Sunday,1,7,July,2019,true
20190708,2019-07-08,8,Monday,2,7,July,2019,false
20190709,2019-07-09,9,Tuesday,3,7,July,2019,false
20190710,2019-07-10,10,Wednesday,4,7,July,2019,false
20190711,2019-07-11,11,Thursday,5,7,July,2019,false
20190712,2019-07-12,12,Friday,6,7,July,2019,false
20190713,2019-07-13,13,Saturday,7,7,July,2019,true
20190714,2019-07-14,14,Sunday,1,7,July,2019,true
20190715,2019-07-15,15,Monday,2,7,July,2019,false
20190716,2019-07-16,16,Tuesday,3,7,July,2019,false
20190717,2019-07-17,17,Wednesday,4,7,July,2019,false
20190718,2019-07-18,18,Thursday,5,7,July,2019,false
20190719,2019-07-19,19,Friday,6,7,July,2019,false
20190720,2019-07-20,20,Saturday,7,7,July,2019,true
20190721,2019-07-21,21,Sunday,1,7,July,2019,true
20190722,2019-07-22,22,Monday,2,7,July,2019,false
20190723,2019-07-23,23,Tuesday,3,7,July,2019,false
20190724,2019-07-24,24,Wednesday,4,7,July,2019,false
20190725,2019-07-25,25,Thursday,5,7,July,2019,false
20190726,2019-07-26,26,Friday,6,7,July,2019,false
20190727,2019-07-27,27,Saturday,7,7,July,2019,true
20190728,2019-07-28,28,Sunday,1,7,July,2019,true
20190729,2019-07-29,29,Monday,2,7,July,2019,false
20190730,2019-07-30,30,Tuesday,3,7,July,2019,false
20190731,2019-07-31,31,Wednesday,4,7,July,2019,false
20190801,2019-08-01,1,Thursday,5,8,August,2019,false
20190802,2019-08-02,2,Friday,6,8,August,2019,false
20190803,2019-08-03,3,Saturday,7,8,August,2019,true
20190804,2019-08-04,4,Sunday,1,8,August,2019,true
20190805,2019-08-05,5,Monday,2,8,August,2019,false
20190806,2019-08-06,6,Tuesday,3,8,August,2019,false
20190807,2019-08-07,7,Wednesday,4,8,August,2019,false
20190808,2019-08-08,8,Thursday,5,8,August,2019,false
20190809,2019-08-09,9,Friday,6,8,August,2019,false
20190810,2019-08-10,10,Saturday,7,8,August,2019,true
20190811,2019-08-11,11,Sunday,1,8,August,2019,true
20190812,2019-08-12,12,Monday,2,8,August,2019,false
20190813,2019-08-13,13,Tuesday,3,8,August,2019,false
20190814,2019-08-14,14,Wednesday,4,8,August,2019,false
20190815,2019-08-15,15,Thursday,5,8,August,2019,false
20190816,2019-08-16,16,Friday,6,8,August,2019,false
20190817,2019-08-17,17,Saturday,7,8,August,2019,true
20190818,2019-08-18,18,Sunday,1,8,August,2019,true
20190819,2019-08-19,19,Monday,2,8,August,2019,false
20190820,2019-08-20,20,Tuesday,3,8,August,2019,false
20190821,2019-08-21,21,Wednesday,4,8,August,2019,false
20190822,2019-08-22,22,Thursday,5,8,August,2019,false
20190823,2019-08-23,23,Friday,6,8,August,2019,false
20190824,2019-08-24,24,Saturday,7,8,August,2019,true
20190825,2019-08-25,25,Sunday,1,8,August,2019,true
20190826,2019-08-26,26,Monday,2,8,August,2019,false
20190827,2019-08-27,27,Tuesday,3,8,August,2019,false
20190828,2019-08-28,28,Wednesday,4,8,August,2019,false
20190829,2019-08-29,29,Thursday,5,8,August,2019,false
20190830,2019-08-30,30,Friday,6,8,August,2019,false
20190831,2019-08-31,31,Saturday,7,8,August,2019,true
20190901,2019-09-01,1,Sunday,1,9,September,2019,true
20190902,2019-09-02,2,Monday,2,9,September,2019,false
20190903,2019-09-03,3,Tuesday,3,9,September,2019,false
20190904,2019-09-04,4,Wednesday,4,9,September,2019,false
20190905,2019-09-05,5,Thursday,5,9,September,2019,false
20190906,2019-09-06,6,Friday,6,9,September,2019,false
20190907,2019-09-07,7,Saturday,7,9,September,2019,true
20190908,2019-09-08,8,Sunday,1,9,September,2019,true
20190909,2019-09-09,9,Monday,2,9,September,2019,false
20190910,2019-09-10,10,Tuesday,3,9,September,2019,false
20190911,2019-09-11,11,Wednesday,4,9,September,2019,false
20190912,2019-09-12,12,Thursday,5,9,September,2019,false
20190913,2019-09-13,13,Friday,6,9,September,2019,false
20190914,2019-09-14,14,Saturday,7,9,September,2019,true
20190915,2019-09-15,15,Sunday,1,9,September,2019,true
20190916,2019-09-16,16,Monday,2,9,September,2019,false
20190917,2019-09-17,17,Tuesday,3,9,September,2019,false
20190918,2019-09-18,18,Wednesday,4,9,September,2019,false
20190919,2019-09-19,19,Thursday,5,9,September,2019,false
20190920,2019-09-20,20,Friday,6,9,September,2019,false
20190921,2019-09-21,21,Saturday,7,9,September,2019,true
20190922,2019-09-22,22,Sunday,1,9,September,2019,true
20190923,2019-09-23,23,Monday,2,9,September,2019,false
20190924,2019-09-24,24,Tuesday,3,9,September,2019,false
20190925,2019-09-25,25,Wednesday,4,9,September,2019,false
20190926,2019-09-26,26,Thursday,5,9,September,2019,false
20190927,2019-09-27,27,Friday,6,9,September,2019,false
20190928,2019-09-28,28,Saturday,7,9,September,2019,true
20190929,2019-09-29,29,Sunday,1,9,September,2019,true
20190930,2019-09-30,30,Monday,2,9,September,2019,false
20191001,2019-10-01,1,Tuesday,3,10,October,2019,false
20191002,2019-10-02,2,Wednesday,4,10,October,2019,false
20191003,2019-10-03,3,Thursday,5,10,October,2019,false
20191004,2019-10-04,4,Friday,6,10,October,2019,false
20191005,2019-10-05,5,Saturday,7,10,October,2019,true
20191006,2019-10-06,6,Sunday,1,10,October,2019,true
20191007,2019-10-07,7,Monday,2,10,October,2019,false
20191008,2019-10-08,8,Tuesday,3,10,October,2019,false
20191009,2019-10-09,9,Wednesday,4,10,October,2019,false
20191010,2019-10-10,10,Thursday,5,10,October,2019,false
20191011,2019-10-11,11,Friday,6,10,October,2019,false
20191012,2019-10-12,12,Saturday,7,10,October,2019,true
20191013,2019-10-13,13,Sunday,1,10,October,2019,true
20191014,2019-10-14,14,Monday,2,10,October,2019,false
20191015,2019-10-15,15,Tuesday,3,10,October,2019,false
20191016,2019-10-16,16,Wednesday,4,10,October,2019,false
20191017,2019-10-17,17,Thursday,5,10,October,2019,false
20191018,2019-10-18,18,Friday,6,10,October,2019,false
20191019,2019-10-19,19,Saturday,7,10,October,2019,true
20191020,2019-10-20,20,Sunday,1,10,October,2019,true
20191021,2019-10-21,21,Monday,2,10,October,2019,false
20191022,2019-10-22,22,Tuesday,3,10,October,2019,false
20191023,2019-10-23,23,Wednesday,4,10,October,2019,false
20191024,2019-10-24,24,Thursday,5,10,October,2019,false
20191025,2019-10-25,25,Friday,6,10,October,2019,false
20191026,2019-10-26,26,Saturday,7,10,October,2019,true
20191027,2019-10-27,27,Sunday,1,10,October,2019,true
20191028,2019-10-28,28,Monday,2,10,October,2019,false
20191029,2019-10-29,29,Tuesday,3,10,October,2019,false
20191030,2019-10-30,30,Wednesday,4,10,October,2019,false
20191031,2019-10-31,31,Thursday,5,10,October,2019,false
20191101,2019-11-01,1,Friday,6,11,November,2019,false
20191102,2019-11-02,2,Saturday,7,11,November,2019,true
20191103,2019-11-03,3,Sunday,1,11,November,2019,true
20191104,2019-11-04,4,Monday,2,11,November,2019,false
20191105,2019-11-05,5,Tuesday,3,11,November,2019,false
20191106,2019-11-06,6,Wednesday,4,11,November,2019,false
20191107,2019-11-07,7,Thursday,5,11,November,2019,false
20191108,2019-11-08,8,Friday,6,11,November,2019,false
20191109,2019-11-09,9,Saturday,7,11,November,2019,true
20191110,2019-11-10,10,Sunday,1,11,November,2019,true
20191111,2019-11-11,11,Monday,2,11,November,2019,false
20191112,2019-11-12,12,Tuesday,3,11,November,2019,false
20191113,2019-11-13,13,Wednesday,4,11,November,2019,false
20191114,2019-11-14,14,Thursday,5,11,November,2019,false
20191115,2019-11-15,15,Friday,6,11,November,2019,false
20191116,2019-11-16,16,Saturday,7,11,November,2019,true
20191117,2019-11-17,17,Sunday,1,11,November,2019,true
20191118,2019-11-18,18,Monday,2,11,November,2019,false
20191119,2019-11-19,19,Tuesday,3,11,November,2019,false
20191120,2019-11-20,20,Wednesday,4,11,November,2019,false
20191121,2019-11-21,21,Thursday,5,11,November,2019,false
20191122,2019-11-22,22,Friday,6,11,November,2019,false
20191123,2019-11-23,23,Saturday,7,11,November,2019,true
20191124,2019-11-24,24,Sunday,1,11,November,2019,true
20191125,2019-11-25,25,Monday,2,11,November,2019,false
20191126,2019-11-26,26,Tuesday,3,11,November,2019,false
20191127,2019-11-27,27,Wednesday,4,11,November,2019,false
20191128,2019-11-28,28,Thursday,5,11,November,2019,false
20191129,2019-11-29,29,Friday,6,11,November,2019,false
20191130,2019-11-30,30,Saturday,7,11,November,2019,true
20191201,2019-12-01,1,Sunday,1,12,December,2019,true
20191202,2019-12-02,2,Monday,2,12,December,2019,false
20191203,2019-12-03,3,Tuesday,3,12,December,2019,false
20191204,2019-12-04,4,Wednesday,4,12,December,2019,false
20191205,2019-12-05,5,Thursday,5,12,December,2019,false
20191206,2019-12-06,6,Friday,6,12,December,2019,false
20191207,2019-12-07,7,Saturday,7,12,December,2019,true
20191208,2019-12-08,8,Sunday,1,12,December,2019,true
20191209,2019-12-09,9,Monday,2,12,December,2019,false
20191210,2019-12-10,10,Tuesday,3,12,December,2019,false
20191211,2019-12-11,11,Wednesday,4,12,December,2019,false
20191212,2019-12-12,12,Thursday,5,12,December,2019,false
20191213,2019-12-13,13,Friday,6,12,December,2019,false
20191214,2019-12-14,14,Saturday,7,12,December,2019,true
20191215,2019-12-15,15,Sunday,1,12,December,2019,true
20191216,2019-12-16,16,Monday,2,12,December,2019,false
20191217,2019-12-17,17,Tuesday,3,12,December,2019,false
20191218,2019-12-18,18,Wednesday,4,12,December,2019,false
20191219,2019-12-19,19,Thursday,5,12,December,2019,false
20191220,2019-12-20,20,Friday,6,12,December,2019,false
20191221,2019-12-21,21,Saturday,7,12,December,2019,true
20191222,2019-12-22,22,Sunday,1,12,December,2019,true
20191223,2019-12-23,23,Monday,2,12,December,2019,false
20191224,2019-12-24,24,Tuesday,3,12,December,2019,false
20191225,2019-12-25,25,Wednesday,4,12,December,2019,false
20191226,2019-12-26,26,Thursday,5,12,December,2019,false
20191227,2019-12-27,27,Friday,6,12,December,2019,false
20191228,2019-12-28,28,Saturday,7,12,December,2019,true
20191229,2019-12-29,29,Sunday,1,12,December,2019,true
20191230,2019-12-30,30,Monday,2,12,December,2019,false
20191231,2019-12-31,31,Tuesday,3,12,December,2019,false
20200101,2020-01-01,1,Wednesday,4,1,January,2020,false
20200102,2020-01-02,2,Thursday,5,1,January,2020,false
20200103,2020-01-03,3,Friday,6,1,January,2020,false
20200104,2020-01-04,4,Saturday,7,1,January,2020,true
20200105,2020-01-05,5,Sunday,1,1,January,2020,true
20200106,2020-01-06,6,Monday,2,1,January,2020,false
20200107,2020-01-07,7,Tuesday,3,1,January,2020,false
20200108,2020-01-08,8,Wednesday,4,1,January,2020,false
20200109,2020-01-09,9,Thursday,5,1,January,2020,false
20200110,2020-01-10,10,Friday,6,1,January,2020,false
20200111,2020-01-11,11,Saturday,7,1,January,2020,true
20200112,2020-01-12,12,Sunday,1,1,January,2020,true
20200113,2020-01-13,13,Monday,2,1,January,2020,false
20200114,2020-01-14,14,Tuesday,3,1,January,2020,false
20200115,2020-01-15,15,Wednesday,4,1,January,2020,false
20200116,2020-01-16,16,Thursday,5,1,January,2020,false
20200117,2020-01-17,17,Friday,6,1,January,2020,false
20200118,2020-01-18,18,Saturday,7,1,January,2020,true
20200119,2020-01-19,19,Sunday,1,1,January,2020,true
20200120,2020-01-20,20,Monday,2,1,January,2020,false
20200121,2020-01-21,21,Tuesday,3,1,January,2020,false
20200122,2020-01-22,22,Wednesday,4,1,January,2020,false
20200123,2020-01-23,23,Thursday,5,1,January,2020,false
20200124,2020-01-24,24,Friday,6,1,January,2020,false
20200125,2020-01-25,25,Saturday,7,1,January,2020,true
20200126,2020-01-26,26,Sunday,1,1,January,2020,true
20200127,2020-01-27,27,Monday,2,1,January,2020,false
20200128,2020-01-28,28,Tuesday,3,1,January,2020,false
20200129,2020-01-29,29,Wednesday,4,1,January,2020,false
20200130,2020-01-30,30,Thursday,5,1,January,2020,false
20200131,2020-01-31,31,Friday,6,1,January,2020,false
20200201,2020-02-01,1,Saturday,7,2,February,2020,true
20200202,2020-02-02,2,Sunday,1,2,February,2020,true
20200203,2020-02-03,3,Monday,2,2,February,2020,false
20200204,2020-02-04,4,Tuesday,3,2,February,2020,false
20200205,2020-02-05,5,Wednesday,4,2,February,2020,false
20200206,2020-02-06,6,Thursday,5,2,February,2020,false
20200207,2020-02-07,7,Friday,6,2,February,2020,false
20200208,2020-02-08,8,Saturday,7,2,February,2020,true
20200209,2020-02-09,9,Sunday,1,2,February,2020,true
20200210,2020-02-10,10,Monday,2,2,February,2020,false
20200211,2020-02-11,11,Tuesday,3,2,February,2020,false
20200212,2020-02-12,12,Wednesday,4,2,February,2020,false
20200213,2020-02-13,13,Thursday,5,2,February,2020,false
20200214,2020-02-14,14,Friday,6,2,February,2020,false
20200215,2020-02-15,15,Saturday,7,2,February,2020,true
20200216,2020-02-16,16,Sunday,1,2,February,2020,true
20200217,2020-02-17,17,Monday,2,2,February,2020,false
20200218,2020-02-18,18,Tuesday,3,2,February,2020,false
20200219,2020-02-19,19,Wednesday,4,2,February,2020,false
20200220,2020-02-20,20,Thursday,5,2,February,2020,false
20200221,2020-02-21,21,Friday,6,2,February,2020,false
20200222,2020-02-22,22,Saturday,7,2,February,2020,true
20200223,2020-02-23,23,Sunday,1,2,February,2020,true
20200224,2020-02-24,24,Monday,2,2,February,2020,false
20200225,2020-02-25,25,Tuesday,3,2,February,2020,false
20200226,2020-02-26,26,Wednesday,4,2,February,2020,false
20200227,2020-02-27,27,Thursday,5,2,February,2020,false
20200228,2020-02-28,28,Friday,6,2,February,2020,false
20200229,2020-02-29,29,Saturday,7,2,February,2020,true
20200301,2020-03-01,1,Sunday,1,3,March,2020,true
20200302,2020-03-02,2,Monday,2,3,March,2020,false
20200303,2020-03-03,3,Tuesday,3,3,March,2020,false
20200304,2020-03-04,4,Wednesday,4,3,March,2020,false
20200305,2020-03-05,5,Thursday,5,3,March,2020,false
20200306,2020-03-06,6,Friday,6,3,March,2020,false
20200307,2020-03-07,7,Saturday,7,3,March,2020,true
20200308,2020-03-08,8,Sunday,1,3,March,2020,true
20200309,2020-03-09,9,Monday,2,3,March,2020,false
20200310,2020-03-10,10,Tuesday,3,3,March,2020,false
20200311,2020-03-11,11,Wednesday,4,3,March,2020,false
20200312,2020-03-12,12,Thursday,5,3,March,2020,false
20200313,2020-03-13,13,Friday,6,3,March,2020,false
20200314,2020-03-14,14,Saturday,7,3,March,2020,true
20200315,2020-03-15,15,Sunday,1,3,March,2020,true
20200316,2020-03-16,16,Monday,2,3,March,2020,false
20200317,2020-03-17,17,Tuesday,3,3,March,2020,false
20200318,2020-03-18,18,Wednesday,4,3,March,2020,false
20200319,2020-03-19,19,Thursday,5,3,March,2020,false
20200320,2020-03-20,20,Friday,6,3,March,2020,false
20200321,2020-03-21,21,Saturday,7,3,March,2020,true
20200322,2020-03-22,22,Sunday,1,3,March,2020,true
20200323,2020-03-23,23,Monday,2,3,March,2020,false
20200324,2020-03-24,24,Tuesday,3,3,March,2020,false
20200325,2020-03-25,25,Wednesday,4,3,March,2020,false
20200326,2020-03-26,26,Thursday,5,3,March,2020,false
20200327,2020-03-27,27,Friday,6,3,March,2020,false
20200328,2020-03-28,28,Saturday,7,3,March,2020,true
20200329,2020-03-29,29,Sunday,1,3,March,2020,true
20200330,2020-03-30,30,Monday,2,3,March,2020,false
20200331,2020-03-31,31,Tuesday,3,3,March,2020,false
20200401,2020-04-01,1,Wednesday,4,4,April,2020,false
20200402,2020-04-02,2,Thursday,5,4,April,2020,false
20200403,2020-04-03,3,Friday,6,4,April,2020,false
20200404,2020-04-04,4,Saturday,7,4,April,2020,true
20200405,2020-04-05,5,Sunday,1,4,April,2020,true
20200406,2020-04-06,6,Monday,2,4,April,2020,false
20200407,2020-04-07,7,Tuesday,3,4,April,2020,false
20200408,2020-04-08,8,Wednesday,4,4,April,2020,false
20200409,2020-04-09,9,Thursday,5,4,April,2020,false
20200410,2020-04-10,10,Friday,6,4,April,2020,false
20200411,2020-04-11,11,Saturday,7,4,April,2020,true
20200412,2020-04-12,12,Sunday,1,4,April,2020,true
20200413,2020-04-13,13,Monday,2,4,April,2020,false
20200414,2020-04-14,14,Tuesday,3,4,April,2020,false
20200415,2020-04-15,15,Wednesday,4,4,April,2020,false
20200416,2020-04-16,16,Thursday,5,4,April,2020,false
20200417,2020-04-17,17,Friday,6,4,April,2020,false
20200418,2020-04-18,18,Saturday,7,4,April,2020,true
20200419,2020-04-19,19,Sunday,1,4,April,2020,true
20200420,2020-04-20,20,Monday,2,4,April,2020,false
20200421,2020-04-21,21,Tuesday,3,4,April,2020,false
20200422,2020-04-22,22,Wednesday,4,4,April,2020,false
20200423,2020-04-23,23,Thursday,5,4,April,2020,false
20200424,2020-04-24,24,Friday,6,4,April,2020,false
20200425,2020-04-25,25,Saturday,7,4,April,2020,true
20200426,2020-04-26,26,Sunday,1,4,April,2020,true
20200427,2020-04-27,27,Monday,2,4,April,2020,false
20200428,2020-04-28,28,Tuesday,3,4,April,2020,false
20200429,2020-04-29,29,Wednesday,4,4,April,2020,false
20200430,2020-04-30,30,Thursday,5,4,April,2020,false
20200501,2020-05-01,1,Friday,6,5,May,2020,false
20200502,2020-05-02,2,Saturday,7,5,May,2020,true
20200503,2020-05-03,3,Sunday,1,5,May,2020,true
20200504,2020-05-04,4,Monday,2,5,May,2020,false
20200505,2020-05-05,5,Tuesday,3,5,May,2020,false
20200506,2020-05-06,6,Wednesday,4,5,May,2020,false
20200507,2020-05-07,7,Thursday,5,5,May,2020,false
20200508,2020-05-08,8,Friday,6,5,May,2020,false
20200509,2020-05-09,9,Saturday,7,5,May,2020,true
20200510,2020-05-10,10,Sunday,1,5,May,2020,true
20200511,2020-05-11,11,Monday,2,5,May,2020,false
20200512,2020-05-12,12,Tuesday,3,5,May,2020,false
20200513,2020-05-13,13,Wednesday,4,5,May,2020,false
20200514,2020-05-14,14,Thursday,5,5,May,2020,false
20200515,2020-05-15,15,Friday,6,5,May,2020,false
20200516,2020-05-16,16,Saturday,7,5,May,2020,true
20200517,2020-05-17,17,Sunday,1,5,May,2020,true
20200518,2020-05-18,18,Monday,2,5,May,2020,false
20200519,2020-05-19,19,Tuesday,3,5,May,2020,false
20200520,2020-05-20,20,Wednesday,4,5,May,2020,false
20200521,2020-05-21,21,Thursday,5,5,May,2020,false
20200522,2020-05-22,22,Friday,6,5,May,2020,false
20200523,2020-05-23,23,Saturday,7,5,May,2020,true
20200524,2020-05-24,24,Sunday,1,5,May,2020,true
20200525,2020-05-25,25,Monday,2,5,May,2020,false
20200526,2020-05-26,26,Tuesday,3,5,May,2020,false
20200527,2020-05-27,27,Wednesday,4,5,May,2020,false
20200528,2020-05-28,28,Thursday,5,5,May,2020,false
20200529,2020-05-29,29,Friday,6,5,May,2020,false
20200530,2020-05-30,30,Saturday,7,5,May,2020,true
20200531,2020-05-31,31,Sunday,1,5,May,2020,true
20200601,2020-06-01,1,Monday,2,6,June,2020,false
20200602,2020-06-02,2,Tuesday,3,6,June,2020,false
20200603,2020-06-03,3,Wednesday,4,6,June,2020,false
20200604,2020-06-04,4,Thursday,5,6,June,2020,false
20200605,2020-06-05,5,Friday,6,6,June,2020,false
20200606,2020-06-06,6,Saturday,7,6,June,2020,true
20200607,2020-06-07,7,Sunday,1,6,June,2020,true
20200608,2020-06-08,8,Monday,2,6,June,2020,false
20200609,2020-06-09,9,Tuesday,3,6,June,2020,false
20200610,2020-06-10,10,Wednesday,4,6,June,2020,false
20200611,2020-06-11,11,Thursday,5,6,June,2020,false
20200612,2020-06-12,12,Friday,6,6,June,2020,false
20200613,2020-06-13,13,Saturday,7,6,June,2020,true
20200614,2020-06-14,14,Sunday,1,6,June,2020,true
20200615,2020-06-15,15,Monday,2,6,June,2020,false
20200616,2020-06-16,16,Tuesday,3,6,June,2020,false
20200617,2020-06-17,17,Wednesday,4,6,June,2020,false
20200618,2020-06-18,18,Thursday,5,6,June,2020,false
20200619,2020-06-19,19,Friday,6,6,June,2020,false
20200620,2020-06-20,20,Saturday,7,6,June,2020,true
20200621,2020-06-21,21,Sunday,1,6,June,2020,true
20200622,2020-06-22,22,Monday,2,6,June,2020,false
20200623,2020-06-23,23,Tuesday,3,6,June,2020,false
20200624,2020-06-24,24,Wednesday,4,6,June,2020,false
20200625,2020-06-25,25,Thursday,5,6,June,2020,false
20200626,2020-06-26,26,Friday,6,6,June,2020,false
20200627,2020-06-27,27,Saturday,7,6,June,2020,true
20200628,2020-06-28,28,Sunday,1,6,June,2020,true
20200629,2020-06-29,29,Monday,2,6,June,2020,false
20200630,2020-06-30,30,Tuesday,3,6,June,2020,false
20200701,2020-07-01,1,Wednesday,4,7,July,2020,false
20200702,2020-07-02,2,Thursday,5,7,July,2020,false
20200703,2020-07-03,3,Friday,6,7,July,2020,false
20200704,2020-07-04,4,Saturday,7,7,July,2020,true
20200705,2020-07-05,5,Sunday,1,7,July,2020,true
20200706,2020-07-06,6,Monday,2,7,July,2020,false
20200707,2020-07-07,7,Tuesday,3,7,July,2020,false
20200708,2020-07-08,8,Wednesday,4,7,July,2020,false
20200709,2020-07-09,9,Thursday,5,7,July,2020,false
20200710,2020-07-10,10,Friday,6,7,July,2020,false
20200711,2020-07-11,11,Saturday,7,7,July,2020,true
20200712,2020-07-12,12,Sunday,1,7,July,2020,true
20200713,2020-07-13,13,Monday,2,7,July,2020,false
20200714,2020-07-14,14,Tuesday,3,7,July,2020,false
20200715,2020-07-15,15,Wednesday,4,7,July,2020,false
20200716,2020-07-16,16,Thursday,5,7,July,2020,false
20200717,2020-07-17,17,Friday,6,7,July,2020,false
20200718,2020-07-18,18,Saturday,7,7,July,2020,true
20200719,2020-07-19,19,Sunday,1,7,July,2020,true
20200720,2020-07-20,20,Monday,2,7,July,2020,false
20200721,2020-07-21,21,Tuesday,3,7,July,2020,false
20200722,2020-07-22,22,Wednesday,4,7,July,2020,false
20200723,2020-07-23,23,Thursday,5,7,July,2020,false
20200724,2020-07-24,24,Friday,6,7,July,2020,false
20200725,2020-07-25,25,Saturday,7,7,July,2020,true
20200726,2020-07-26,26,Sunday,1,7,July,2020,true
20200727,2020-07-27,27,Monday,2,7,July,2020,false
20200728,2020-07-28,28,Tuesday,3,7,July,2020,false
20200729,2020-07-29,29,Wednesday,4,7,July,2020,false
20200730,2020-07-30,30,Thursday,5,7,July,2020,false
20200731,2020-07-31,31,Friday,6,7,July,2020,false
20200801,2020-08-01,1,Saturday,7,8,August,2020,true
20200802,2020-08-02,2,Sunday,1,8,August,2020,true
20200803,2020-08-03,3,Monday,2,8,August,2020,false
20200804,2020-08-04,4,Tuesday,3,8,August,2020,false
20200805,2020-08-05,5,Wednesday,4,8,August,2020,false
20200806,2020-08-06,6,Thursday,5,8,August,2020,false
20200807,2020-08-07,7,Friday,6,8,August,2020,false
20200808,2020-08-08,8,Saturday,7,8,August,2020,true
20200809,2020-08-09,9,Sunday,1,8,August,2020,true
20200810,2020-08-10,10,Monday,2,8,August,2020,false
20200811,2020-08-11,11,Tuesday,3,8,August,2020,false
20200812,2020-08-12,12,Wednesday,4,8,August,2020,false
20200813,2020-08-13,13,Thursday,5,8,August,2020,false
20200814,2020-08-14,14,Friday,6,8,August,2020,false
20200815,2020-08-15,15,Saturday,7,8,August,2020,true
20200816,2020-08-16,16,Sunday,1,8,August,2020,true
20200817,2020-08-17,17,Monday,2,8,August,2020,false
20200818,2020-08-18,18,Tuesday,3,8,August,2020,false
20200819,2020-08-19,19,Wednesday,4,8,August,2020,false
20200820,2020-08-20,20,Thursday,5,8,August,2020,false
20200821,2020-08-21,21,Friday,6,8,August,2020,false
20200822,2020-08-22,22,Saturday,7,8,August,2020,true
20200823,2020-08-23,23,Sunday,1,8,August,2020,true
20200824,2020-08-24,24,Monday,2,8,August,2020,false
20200825,2020-08-25,25,Tuesday,3,8,August,2020,false
20200826,2020-08-26,26,Wednesday,4,8,August,2020,false
20200827,2020-08-27,27,Thursday,5,8,August,2020,false
20200828,2020-08-28,28,Friday,6,8,August,2020,false
20200829,2020-08-29,29,Saturday,7,8,August,2020,true
20200830,2020-08-30,30,Sunday,1,8,August,2020,true
20200831,2020-08-31,31,Monday,2,8,August,2020,false
20200901,2020-09-01,1,Tuesday,3,9,September,2020,false
20200902,2020-09-02,2,Wednesday,4,9,September,2020,false
20200903,2020-09-03,3,Thursday,5,9,September,2020,false
20200904,2020-09-04,4,Friday,6,9,September,2020,false
20200905,2020-09-05,5,Saturday,7,9,September,2020,true
20200906,2020-09-06,6,Sunday,1,9,September,2020,true
20200907,2020-09-07,7,Monday,2,9,September,2020,false
20200908,2020-09-08,8,Tuesday,3,9,September,2020,false
20200909,2020-09-09,9,Wednesday,4,9,September,2020,false
20200910,2020-09-10,10,Thursday,5,9,September,2020,false
20200911,2020-09-11,11,Friday,6,9,September,2020,false
20200912,2020-09-12,12,Saturday,7,9,September,2020,true
20200913,2020-09-13,13,Sunday,1,9,September,2020,true
20200914,2020-09-14,14,Monday,2,9,September,2020,false
20200915,2020-09-15,15,Tuesday,3,9,September,2020,false
20200916,2020-09-16,16,Wednesday,4,9,September,2020,false
20200917,2020-09-17,17,Thursday,5,9,September,2020,false
20200918,2020-09-18,18,Friday,6,9,September,2020,false
20200919,2020-09-19,19,Saturday,7,9,September,2020,true
20200920,2020-09-20,20,Sunday,1,9,September,2020,true
20200921,2020-09-21,21,Monday,2,9,September,2020,false
20200922,2020-09-22,22,Tuesday,3,9,September,2020,false
20200923,2020-09-23,23,Wednesday,4,9,September,2020,false
20200924,2020-09-24,24,Thursday,5,9,September,2020,false
20200925,2020-09-25,25,Friday,6,9,September,2020,false
20200926,2020-09-26,26,Saturday,7,9,September,2020,true
20200927,2020-09-27,27,Sunday,1,9,September,2020,true
20200928,2020-09-28,28,Monday,2,9,September,2020,false
20200929,2020-09-29,29,Tuesday,3,9,September,2020,false
20200930,2020-09-30,30,Wednesday,4,9,September,2020,false
20201001,2020-10-01,1,Thursday,5,10,October,2020,false
20201002,2020-10-02,2,Friday,6,10,October,2020,false
20201003,2020-10-03,3,Saturday,7,10,October,2020,true
20201004,2020-10-04,4,Sunday,1,10,October,2020,true
20201005,2020-10-05,5,Monday,2,10,October,2020,false
20201006,2020-10-06,6,Tuesday,3,10,October,2020,false
20201007,2020-10-07,7,Wednesday,4,10,October,2020,false
20201008,2020-10-08,8,Thursday,5,10,October,2020,false
20201009,2020-10-09,9,Friday,6,10,October,2020,false
20201010,2020-10-10,10,Saturday,7,10,October,2020,true
20201011,2020-10-11,11,Sunday,1,10,October,2020,true
20201012,2020-10-12,12,Monday,2,10,October,2020,false
20201013,2020-10-13,13,Tuesday,3,10,October,2020,false
20201014,2020-10-14,14,Wednesday,4,10,October,2020,false
20201015,2020-10-15,15,Thursday,5,10,October,2020,false
20201016,2020-10-16,16,Friday,6,10,October,2020,false
20201017,2020-10-17,17,Saturday,7,10,October,2020,true
20201018,2020-10-18,18,Sunday,1,10,October,2020,true
20201019,2020-10-19,19,Monday,2,10,October,2020,false
20201020,2020-10-20,20,Tuesday,3,10,October,2020,false
20201021,2020-10-21,21,Wednesday,4,10,October,2020,false
20201022,2020-10-22,22,Thursday,5,10,October,2020,false
20201023,2020-10-23,23,Friday,6,10,October,2020,false
20201024,2020-10-24,24,Saturday,7,10,October,2020,true
20201025,2020-10-25,25,Sunday,1,10,October,2020,true
20201026,2020-10-26,26,Monday,2,10,October,2020,false
20201027,2020-10-27,27,Tuesday,3,10,October,2020,false
20201028,2020-10-28,28,Wednesday,4,10,October,2020,false
20201029,2020-10-29,29,Thursday,5,10,October,2020,false
20201030,2020-10-30,30,Friday,6,10,October,2020,false
20201031,2020-10-31,31,Saturday,7,10,October,2020,true
20201101,2020-11-01,1,Sunday,1,11,November,2020,true
20201102,2020-11-02,2,Monday,2,11,November,2020,false
20201103,2020-11-03,3,Tuesday,3,11,November,2020,false
20201104,2020-11-04,4,Wednesday,4,11,November,2020,false
20201105,2020-11-05,5,Thursday,5,11,November,2020,false
20201106,2020-11-06,6,Friday,6,11,November,2020,false
20201107,2020-11-07,7,Saturday,7,11,November,2020,true
20201108,2020-11-08,8,Sunday,1,11,November,2020,true
20201109,2020-11-09,9,Monday,2,11,November,2020,false
20201110,2020-11-10,10,Tuesday,3,11,November,2020,false
20201111,2020-11-11,11,Wednesday,4,11,November,2020,false
20201112,2020-11-12,12,Thursday,5,11,November,2020,false
20201113,2020-11-13,13,Friday,6,11,November,2020,false
20201114,2020-11-14,14,Saturday,7,11,November,2020,true
20201115,2020-11-15,15,Sunday,1,11,November,2020,true
20201116,2020-11-16,16,Monday,2,11,November,2020,false
20201117,2020-11-17,17,Tuesday,3,11,November,2020,false
20201118,2020-11-18,18,Wednesday,4,11,November,2020,false
20201119,2020-11-19,19,Thursday,5,11,November,2020,false
20201120,2020-11-20,20,Friday,6,11,November,2020,false
20201121,2020-11-21,21,Saturday,7,11,November,2020,true
20201122,2020-11-22,22,Sunday,1,11,November,2020,true
20201123,2020-11-23,23,Monday,2,11,November,2020,false
20201124,2020-11-24,24,Tuesday,3,11,November,2020,false
20201125,2020-11-25,25,Wednesday,4,11,November,2020,false
20201126,2020-11-26,26,Thursday,5,11,November,2020,false
20201127,2020-11-27,27,Friday,6,11,November,2020,false
20201128,2020-11-28,28,Saturday,7,11,November,2020,true
20201129,2020-11-29,29,Sunday,1,11,November,2020,true
20201130,2020-11-30,30,Monday,2,11,November,2020,false
20201201,2020-12-01,1,Tuesday,3,12,December,2020,false
20201202,2020-12-02,2,Wednesday,4,12,December,2020,false
20201203,2020-12-03,3,Thursday,5,12,December,2020,false
20201204,2020-12-04,4,Friday,6,12,December,2020,false
20201205,2020-12-05,5,Saturday,7,12,December,2020,true
20201206,2020-12-06,6,Sunday,1,12,December,2020,true
20201207,2020-12-07,7,Monday,2,12,December,2020,false
20201208,2020-12-08,8,Tuesday,3,12,December,2020,false
20201209,2020-12-09,9,Wednesday,4,12,December,2020,false
20201210,2020-12-10,10,Thursday,5,12,December,2020,false
20201211,2020-12-11,11,Friday,6,12,December,2020,false
20201212,2020-12-12,12,Saturday,7,12,December,2020,true
20201213,2020-12-13,13,Sunday,1,12,December,2020,true
20201214,2020-12-14,14,Monday,2,12,December,2020,false
20201215,2020-12-15,15,Tuesday,3,12,December,2020,false
20201216,2020-12-16,16,Wednesday,4,12,December,2020,false
20201217,2020-12-17,17,Thursday,5,12,December,2020,false
20201218,2020-12-18,18,Friday,6,12,December,2020,false
20201219,2020-12-19,19,Saturday,7,12,December,2020,true
20201220,2020-12-20,20,Sunday,1,12,December,2020,true
20201221,2020-12-21,21,Monday,2,12,December,2020,false
20201222,2020-12-22,22,Tuesday,3,12,December,2020,false
20201223,2020-12-23,23,Wednesday,4,12,December,2020,false
20201224,2020-12-24,24,Thursday,5,12,December,2020,false
20201225,2020-12-25,25,Friday,6,12,December,2020,false
20201226,2020-12-26,26,Saturday,7,12,December,2020,true
20201227,2020-12-27,27,Sunday,1,12,December,2020,true
20201228,2020-12-28,28,Monday,2,12,December,2020,false
20201229,2020-12-29,29,Tuesday,3,12,December,2020,false
20201230,2020-12-30,30,Wednesday,4,12,December,2020,false
20201231,2020-12-31,31,Thursday,5,12,December,2020,false
